antibody_name,vh_protein_sequence,vl_protein_sequence,AC-SINS_pH7.4,HIC
abagovomab,QVKLQESGAELARPGASVKLSCKASGYTFTNYWMQWVKQRPGQGLDWIGAIYPGDGNTRYTHKFKGKATLTADKSSSTAYMQLSSLASEDSGVYYCARGEGNYAWFAYWGQGTTVTVSS,DIELTQSPASLSASVGETVTITCQASENIYSYLAWHQQKQGKSPQLLVYNAKTLAGGVSSRFSGSGSGTHFSLKIKSLQPEDFGIYYCQHHYGILPTFGGGTKLEIK,-46,46
abituzumab,QVQLQQSGGELAKPGASVKVSCKASGYTFSSFWMHWVRQAPGQGLEWIGYINPRSGYTEYNEIFRDKATMTTDTSTSTAYMELSSLRSEDTAVYYCASFLGRGAMDYWGQGTTVTVSS,DIQMTQSPSSLSASVGDRVTITCRASQDISNYLAWYQQKPGKAPKLLIYYTSKIHSGVPSRFSGSGSGTDYTFTISSLQPEDIATYYCQQGNTFPYTFGQGTKVEIK,-45,45
abrezekimab,QVTLKESGPVLVKPTETLTLTCTVSGFSLTNYHVQWIRQPPGKALEWLGVMWSDGDTSFNSVLKSRLTISRDTSKSQVVLTMTNMDPVDTATYYCARDGTIAAMDYFDYWGQGTLVTVSS,DIQMTQSPSSLSASVGDRVTITCLASEDISNYLAWYQQKPGKAPKLLIYHTSRLQDGVPSRFSGSGSGTDFTLTISSLQPEDFATYYCQQGYRFPLTFGGGTKVEIK,-47,47
abrilumab,QVQLVQSGAEVKKPGASVKVSCKVSGYTLSDLSIHWVRQAPGKGLEWMGGFDPQDGETIYAQKFQGRVTMTEDTSTDTAYMELSSLKSEDTAVYYCATGSSSSWFDPWGQGTLVTVSS,DIQMTQSPSSVSASVGDRVTITCRASQGISSWLAWYQQKPGKAPKLLIYGASNLESGVPSRFSGSGSGTDFTLTISSLQPEDFANYYCQQANSFPWTFGQGTKVEIK,-45,45
adalimumab,EVQLVESGGGLVQPGRSLRLSCAASGFTFDDYAMHWVRQAPGKGLEWVSAITWNSGHIDYADSVEGRFTISRDNAKNSLYLQMNSLRAEDTAVYYCAKVSYLSTASSLDYWGQGTLVTVSS,DIQMTQSPSSLSASVGDRVTITCRASQGIRNYLAWYQQKPGKAPKLLIYAASTLQSGVPSRFSGSGSGTDFTLTISSLQPEDVATYYCQRYNRAPYTFGQGTKVEIK,-48,48
aducanumab,QVQLVESGGGVVQPGRSLRLSCAASGFAFSSYGMHWVRQAPGKGLEWVAVIWFDGTKKYYTDSVKGRFTISRDNSKNTLYLQMNTLRAEDTAVYYCARDRGIGARRGPYYMDVWGKGTTVTVSS,DIQMTQSPSSLSASVGDRVTITCRASQSISSYLNWYQQKPGKAPKLLIYAASSLQSGVPSRFSGSGSGTDFTLTISSLQPEDFATYYCQQSYSTPLTFGGGTKVEIK,-51,51
alemtuzumab,QVQLQESGPGLVRPSQTLSLTCTVSGFTFTDFYMNWVRQPPGRGLEWIGFIRDKAKGYTTEYNPSVKGRVTMLVDTSKNQFSLRLSSVTAADTAVYYCAREGHTAAPFDYWGQGSLVTVSS,DIQMTQSPSSLSASVGDRVTITCKASQNIDKYLNWYQQKPGKAPKLLIYNTNNLQTGVPSRFSGSGSGTDFTFTISSLQPEDIATYYCLQHISRPRTFGQGTKVEIK,-48,48
alirocumab,EVQLVESGGGLVQPGGSLRLSCAASGFTFNNYAMNWVRQAPGKGLDWVSTISGSGGTTNYADSVKGRFIISRDSSKHTLYLQMNSLRAEDTAVYYCAKDSNWGNFDLWGRGTLVTVSS,DIVMTQSPDSLAVSLGERATINCKSSQSVLYRSNNRNFLGWYQQKPGQPPNLLIYWASTRESGVPDRFSGSGSGTDFTLTISSLQAEDVAVYYCQQYYTTPYTFGQGTKLEIK,-51,51
amatuximab,QVQLQQSGPELEKPGASVKISCKASGYSFTGYTMNWVKQSHGKSLEWIGLITPYNGASSYNQKFRGKATLTVDKSSSTAYMDLLSLTSEDSAVYFCARGGYDGRGFDYWGSGTPVTVSS,DIELTQSPAIMSASPGEKVTMTCSASSSVSYMHWYQQKSGTSPKRWIYDTSKLASGVPGRFSGSGSGNSYSLTISSVEAEDDATYYCQQWSKHPLTFGSGTKVEIK,-45,45
andecaliximab,QVQLQESGPGLVKPSETLSLTCTVSGFSLLSYGVHWVRQPPGKGLEWLGVIWTGGTTNYNSALMSRFTISKDDSKNTVYLKMNSLKTEDTAIYYCARYYYGMDYWGQGTLVTVSS,DIQMTQSPSSLSASVGDRVTITCKASQDVRNTVAWYQQKPGKAPKLLIYSSSYRNTGVPDRFSGSGSGTDFTLTISSLQAEDVAVYYCQQHYITPYTFGGGTKVEIK,-42,42
anetumab,QVELVQSGAEVKKPGESLKISCKGSGYSFTSYWIGWVRQAPGKGLEWMGIIDPGDSRTRYSPSFQGQVTISADKSISTAYLQWSSLKASDTAMYYCARGQLYGGTYMDGWGQGTLVTVSS,DIALTQPASVSGSPGQSITISCTGTSSDIGGYNSVSWYQQHPGKAPKLMIYGVNNRPSGVSNRFSGSKSGNTASLTISGLQAEDEADYYCSSYDIESATPVFGGGTKLTVL,-52,52
anifrolumab,EVQLVQSGAEVKKPGESLKISCKGSGYIFTNYWIAWVRQMPGKGLESMGIIYPGDSDIRYSPSFQGQVTISADKSITTAYLQWSSLKASDTAMYYCARHDIEGFDYWGRGTLVTVSS,EIVLTQSPGTLSLSPGERATLSCRASQSVSSSFFAWYQQKPGQAPRLLIYGASSRATGIPDRLSGSGSGTDFTLTITRLEPEDFAVYYCQQYDSSAITFGQGTRLEIK,-45,45
anrukinzumab,EVQLVESGGGLVQPGGSLRLSCAASGFTFISYAMSWVRQAPGKGLEWVASISSGGNTYYPDSVKGRFTISRDNAKNSLYLQMNSLRAEDTAVYYCARLDGYYFGFAYWGQGTLVTVSS,DIQMTQSPSSLSASVGDRVTITCKASESVDNYGKSLMHWYQQKPGKAPKLLIYRASNLESGVPSRFSGSGSGTDFTLTISSLQPEDFATYYCQQSNEDPWTFGGGTKVEIK,-49,49
atezolizumab,EVQLVESGGGLVQPGGSLRLSCAASGFTFSDSWIHWVRQAPGKGLEWVAWISPYGGSTYYADSVKGRFTISADTSKNTAYLQMNSLRAEDTAVYYCARRHWPGGFDYWGQGTLVTVSS,DIQMTQSPSSLSASVGDRVTITCRASQDVSTAVAWYQQKPGKAPKLLIYSASFLYSGVPSRFSGSGSGTDFTLTISSLQPEDFATYYCQQYLYHPATFGQGTKVEIK,-45,45
avelumab,EVQLLESGGGLVQPGGSLRLSCAASGFTFSSYIMMWVRQAPGKGLEWVSSIYPSGGITFYADTVKGRFTISRDNSKNTLYLQMNSLRAEDTAVYYCARIKLGTVTTVDYWGQGTLVTVSS,QSALTQPASVSGSPGQSITISCTGTSSDVGGYNYVSWYQQHPGKAPKLMIYDVSNRPSGVSNRFSGSKSGNTASLTISGLQAEDEADYYCSSYTSSSTRVFGTGTKVTVL,-51,51
bapineuzumab,EVQLLESGGGLVQPGGSLRLSCAASGFTFSNYGMSWVRQAPGKGLEWVASIRSGGGRTYYSDNVKGRFTISRDNSKNTLYLQMNSLRAEDTAVYYCVRYDHYSGSSDYWGQGTLVTVSS,DVVMTQSPLSLPVTPGEPASISCKSSQSLLDSDGKTYLNWLLQKPGQSPQRLIYLVSKLDSGVPDRFSGSGSGTDFTLKISRVEAEDVGVYYCWQGTHFPRTFGQGTKVEIK,-51,51
basiliximab,QVQLQQSGTVLARPGASVKMSCKASGYSFTRYWMHWIKQRPGQGLEWIGAIYPGNSDTSYNQKFEGKAKLTAVTSASTAYMELSSLTHEDSAVYYCSRDYGYYFDFWGQGTTLTVSS,QIVSTQSPAIMSASPGEKVTMTCSASSSRSYMQWYQQKPGTSPKRWIYDTSKLASGVPARFSGSGSGTSYSLTISSMEAEDAATYYCHQRSSYTFGGGTKLEIK,-41,41
bavituximab,EVQLQQSGPELEKPGASVKLSCKASGYSFTGYNMNWVKQSHGKSLEWIGHIDPYYGDTSYNQKFRGKATLTVDKSSSTAYMQLKSLTSEDSAVYYCVKGGYYGHWYFDVWGAGTTVTVSS,DIQMTQSPSSLSASLGERVSLTCRASQDIGSSLNWLQQGPDGTIKRLIYATSSLDSGVPKRFSGSRSGSDYSLTISSLESEDFVDYYCLQYVSSPPTFGAGTKLELK,-47,47
belantamab,QVQLVQSGAEVKKPGSSVKVSCKASGGTFSNYWMHWVRQAPGQGLEWMGATYRGHSDTYYNQKFKGRVTITADKSTSTAYMELSSLRSEDTAVYYCARGAIYDGYDVLDNWGQGTLVTVSS,DIQMTQSPSSLSASVGDRVTITCSASQDISNYLNWYQQKPGKAPKLLIYYTSNLHSGVPSRFSGSGSGTDFTLTISSLQPEDFATYYCQQYRKLPWTFGQGTKLEIK,-48,48
belimumab,QVQLQQSGAEVKKPGSSVRVSCKASGGTFNNNAINWVRQAPGQGLEWMGGIIPMFGTAKYSQNFQGRVAITADESTGTASMELSSLRSEDTAVYYCARSRDLLLFPHHALSPWGRGTMVTVSS,SSELTQDPAVSVALGQTVRVTCQGDSLRSYYASWYQQKPGQAPVLVIYGKNNRPSGIPDRFSGSSSGNTASLTITGAQAEDEADYYCSSRDSSGNHWVFGGGTELTVL,-52,52
bemarituzumab,QVQLVQSGAEVKKPGSSVKVSCKASGYIFTTYNVHWVRQAPGQGLEWIGSIYPDNGDTSYNQNFKGRATITADKSTSTAYMELSSLRSEDTAVYYCARGDFAYWGQGTLVTVSS,DIQMTQSPSSLSASVGDRVTITCKASQGVSNDVAWYQQKPGKAPKLLIYSASYRYTGVPSRFSGSGSGTDFTFTISSLQPEDIATYYCQQHSTTPYTFGQGTKLEIK,-41,41
benralizumab,EVQLVQSGAEVKKPGASVKVSCKASGYTFTSYVIHWVRQRPGQGLAWMGYINPYNDGTKYNERFKGKVTITSDRSTSTVYMELSSLRSEDTAVYLCGREGIRYYGLLGDYWGQGTLVTVSS,DIQMTQSPSSLSASVGDRVTITCGTSEDIINYLNWYQQKPGKAPKLLIYHTSRLQSGVPSRFSGSGSGTDFTLTISSLQPEDFATYYCQQGYTLPYTFGQGTKVEIK,-48,48
bevacizumab,EVQLVESGGGLVQPGGSLRLSCAASGYTFTNYGMNWVRQAPGKGLEWVGWINTYTGEPTYAADFKRRFTFSLDTSKSTAYLQMNSLRAEDTAVYYCAKYPHYYGSSHWYFDVWGQGTLVTVSS,DIQMTQSPSSLSASVGDRVTITCSASQDISNYLNWYQQKPGKAPKVLIYFTSSLHSGVPSRFSGSGSGTDFTLTISSLQPEDFATYYCQQYSTVPWTFGQGTKVEIK,-50,50
bezlotoxumab,EVQLVQSGAEVKKSGESLKISCKGSGYSFTSYWIGWVRQMPGKGLEWMGIFYPGDSSTRYSPSFQGQVTISADKSVNTAYLQWSSLKASDTAMYYCARRRNWGNAFDIWGQGTMVTVSS,EIVLTQSPGTLSLSPGERATLSCRASQSVSSSYLAWYQQKPGQAPRLLIYGASSRATGIPDRFSGSGSGTDFTLTISRLEPEDFAVYYCQQYGSSTWTFGQGTKVEIK,-47,47
bimagrumab,QVQLVQSGAEVKKPGASVKVSCKASGYTFTSSYINWVRQAPGQGLEWMGTINPVSGSTSYAQKFQGRVTMTRDTSISTAYMELSRLRSDDTAVYYCARGGWFDYWGQGTLVTVSS,QSALTQPASVSGSPGQSITISCTGTSSDVGSYNYVNWYQQHPGKAPKLMIYGVSKRPSGVSNRFSGSKSGNTASLTISGLQAEDEADYYCGTFAGGSYYGVFGGGTKLTVL,-47,47
bimekizumab,EVQLVESGGGLVQPGGSLRLSCAASGFTFSDYNMAWVRQAPGKGLEWVATITYEGRNTYYRDSVKGRFTISRDNAKNSLYLQMNSLRAEDTAVYYCASPPQYYEGSIYRLWFAHWGQGTLVTVSS,AIQLTQSPSSLSASVGDRVTITCRADESVRTLMHWYQQKPGKAPKLLIYLVSNSEIGVPDRFSGSGSGTDFRLTISSLQPEDFATYYCQQTWSDPWTFGQGTKVEIK,-52,52
bleselumab,QLQLQESGPGLLKPSETLSLTCTVSGGSISSPGYYGGWIRQPPGKGLEWIGSIYKSGSTYHNPSLKSRVTISVDTSKNQFSLKLSSVTAADTAVYYCTRPVVRYFGWFDPWGQGTLVTVSS,AIQLTQSPSSLSASVGDRVTITCRASQGISSALAWYQQKPGKAPKLLIYDASNLESGVPSRFSGSGSGTDFTLTISSLQPEDFATYYCQQFNSYPTFGQGTKVEIK,-47,47
blosozumab,QVQLVQSGAEVKKPGASVKVSCKVSGFPIKDTFQHWVRQAPGKGLEWMGWSDPEIGDTEYASKFQGRVTMTEDTSTDTAYMELSSLRSEDTAVYYCATGDTTYKFDFWGQGTTVTVSS,DIQMTQSPSSLSASVGDRVTITCKASQDVHTAVAWYQQKPGKAPKLLIYWASTRWTGVPSRFSGSGSGTDFTLTISSLQPEDFATYYCQQYSDYPWTFGGGTKVEIK,-45,45
bococizumab,QVQLVQSGAEVKKPGASVKVSCKASGYTFTSYYMHWVRQAPGQGLEWMGEISPFGGRTNYNEKFKSRVTMTRDTSTSTVYMELSSLRSEDTAVYYCARERPLYASDLWGQGTTVTVSS,DIQMTQSPSSLSASVGDRVTITCRASQGISSALAWYQQKPGKAPKLLIYSASYRYTGVPSRFSGSGSGTDFTFTISSLQPEDIATYYCQQRYSLWRTFGQGTKLEIK,-45,45
brazikumab,QVQLVESGGGVVQPGRSLRLSCAASGFTFSSYGMHWVRQAPGKGLEWVAVIWYDGSNEYYADSVKGRFTISRDNSKNTLYLQMNSLRAEDTAVYYCARDRGYTSSWYPDAFDIWGQGTMVTVSS,QSVLTQPPSVSGAPGQRVTISCTGSSSNTGAGYDVHWYQQVPGTAPKLLIYGSGNRPSGVPDRFSGSKSGTSASLAITGLQAEDEADYYCQSYDSSLSGWVFGGGTRLTVL,-56,56
brentuximab,QIQLQQSGPEVVKPGASVKISCKASGYTFTDYYITWVKQKPGQGLEWIGWIYPGSGNTKYNEKFKGKATLTVDTSSSTAFMQLSSLTSEDTAVYFCANYGNYWFAYWGQGTQVTVSA,DIVLTQSPASLAVSLGQRATISCKASQSVDFDGDSYMNWYQQKPGQPPKVLIYAASNLESGIPARFSGSGSGTDFTLNIHPVEEEDAATYYCQQSNEDPWTFGGGTKLEIK,-48,48
briakinumab,QVQLVESGGGVVQPGRSLRLSCAASGFTFSSYGMHWVRQAPGKGLEWVAFIRYDGSNKYYADSVKGRFTISRDNSKNTLYLQMNSLRAEDTAVYYCKTHGSHDNWGQGTMVTVSS,QSVLTQPPSVSGAPGQRVTISCSGSRSNIGSNTVKWYQQLPGTAPKLLIYYNDQRPSGVPDRFSGSKSGTSASLAITGLQAEDEADYYCQSYDRYTHPALLFGTGTKVTVL,-47,47
brodalumab,QVQLVQSGAEVKKPGASVKVSCKASGYTFTRYGISWVRQAPGQGLEWMGWISTYSGNTNYAQKLQGRVTMTTDTSTSTAYMELRSLRSDDTAVYYCARRQLYFDYWGQGTLVTVSS,EIVMTQSPATLSVSPGERATLSCRASQSVSSNLAWFQQKPGQAPRPLIYDASTRATGVPARFSGSGSGTDFTLTISSLQSEDFAVYYCQQYDNWPLTFGGGTKVEIK,-43,43
brontictuzumab,QVQLVQSGAEVKKPGASVKISCKVSGYTLRGYWIEWVRQAPGKGLEWIGQILPGTGRTNYNEKFKGRVTMTADTSTDTAYMELSSLRSEDTAVYYCARFDGNYGYYAMDYWGQGTTVTVSS,QAVVTQEPSLTVSPGGTVTLTCRSSTGAVTTSNYANWFQQKPGQAPRTLIGGTNNRAPGVPARFSGSLLGGKAALTLSGAQPEDEAEYYCALWYSNHWVFGGGTKLTVL,-51,51
budigalimab,EIQLVQSGAEVKKPGSSVKVSCKASGYTFTHYGMNWVRQAPGQGLEWVGWVNTYTGEPTYADDFKGRLTFTLDTSTSTAYMELSSLRSEDTAVYYCTREGEGLGFGDWGQGTTVTVSS,DVVMTQSPLSLPVTPGEPASISCRSSQSIVHSHGDTYLEWYLQKPGQSPQLLIYKVSNRFSGVPDRFSGSGSGTDFTLKISRVEAEDVGVYYCFQGSHIPVTFGQGTKLEIK,-50,50
burosumab,QVQLVQSGAEVKKPGASVKVSCKASGYTFTNHYMHWVRQAPGQGLEWMGIINPISGSTSNAQKFQGRVTMTRDTSTSTVYMELSSLRSEDTAVYYCARDIVDAFDFWGQGTMVTVSS,AIQLTQSPSSLSASVGDRVTITCRASQGISSALVWYQQKPGKAPKLLIYDASSLESGVPSRFSGSGSGTDFTLTISSLQPEDFATYYCQQFNDYFTFGPGTKVDIK,-43,43
cabiralizumab,QVQLVQSGAEVKKPGSSVKVSCKASGYTFTDNYMIWVRQAPGQGLEWMGDINPYNGGTTFNQKFKGRVTITADKSTSTAYMELSSLRSEDTAVYYCARESPYFSNLYVMDYWGQGTLVTVSS,EIVLTQSPATLSLSPGERATLSCKASQSVDYDGDNYMNWYQQKPGQAPRLLIYAASNLESGIPARFSGSGSGTDFTLTISSLEPEDFAVYYCHLSNEDLSTFGGGTKVEIK,-53,53
camidanlumab,QVQLVQSGAEVKKPGSSVKVSCKASGGTFSRYIINWVRQAPGQGLEWMGRIIPILGVENYAQKFQGRVTITADKSTSTAYMELSSLRSEDTAVYYCARKDWFDYWGQGTLVTVSS,EIVLTQSPGTLSLSPGERATLSCRASQSVSSYLAWYQQKPGQAPRLLIYGASSRATGIPDRFSGSGSGTDFTLTISRLEPEDFAVYYCQQYGSSPLTFGGGTKVEIK,-42,42
camrelizumab,EVQLVESGGGLVQPGGSLRLSCAASGFTFSSYMMSWVRQAPGKGLEWVATISGGGANTYYPDSVKGRFTISRDNAKNSLYLQMNSLRAEDTAVYYCARQLYYFDYWGQGTTVTVSS,DIQMTQSPSSLSASVGDRVTITCLASQTIGTWLTWYQQKPGKAPKLLIYTATSLADGVPSRFSGSGSGTDFTLTISSLQPEDFATYYCQQVYSIPWTFGGGTKVEIK,-43,43
carlumab,QVQLVQSGAEVKKPGSSVKVSCKASGGTFSSYGISWVRQAPGQGLEWMGGIIPIFGTANYAQKFQGRVTITADESTSTAYMELSSLRSEDTAVYYCARYDGIYGELDFWGQGTLVTVSS,EIVLTQSPATLSLSPGERATLSCRASQSVSDAYLAWYQQKPGQAPRLLIYDASSRATGVPARFSGSGSGTDFTLTISSLEPEDFAVYYCHQYIQLHSFTFGQGTKVEIK,-48,48
cemiplimab,EVQLLESGGVLVQPGGSLRLSCAASGFTFSNFGMTWVRQAPGKGLEWVSGISGGGRDTYFADSVKGRFTISRDNSKNTLYLQMNSLKGEDTAVYYCVKWGNIYFDYWGQGTLVTVSS,DIQMTQSPSSLSASVGDSITITCRASLSINTFLNWYQQKPGKAPNLLIYAASSLHGGVPSRFSGSGSGTDFTLTIRTLQPEDFATYYCQQSSNTPFTFGPGTVVDFR,-44,44
certolizumab,EVQLVESGGGLVQPGGSLRLSCAASGYVFTDYGMNWVRQAPGKGLEWMGWINTYIGEPIYADSVKGRFTFSLDTSKSTAYLQMNSLRAEDTAVYYCARGYRSYAMDYWGQGTLVTVSS,DIQMTQSPSSLSASVGDRVTITCKASQNVGTNVAWYQQKPGKAPKALIYSASFLYSGVPYRFSGSGSGTDFTLTISSLQPEDFATYYCQQYNIYPLTFGQGTKVEIK,-45,45
cetrelimab,QVQLVQSGAEVKKPGSSVKVSCKASGGTFSSYAISWVRQAPGQGLEWMGGIIPIFDTANYAQKFQGRVTITADESTSTAYMELSSLRSEDTAVYYCARPGLAAAYDTGSLDYWGQGTLVTVSS,EIVLTQSPATLSLSPGERATLSCRASQSVRSYLAWYQQKPGQAPRLLIYDASNRATGIPARFSGSGSGTDFTLTISSLEPEDFAVYYCQQRNYWPLTFGQGTKVEIK,-50,50
cetuximab,QVQLKQSGPGLVQPSQSLSITCTVSGFSLTNYGVHWVRQSPGKGLEWLGVIWSGGNTDYNTPFTSRLSINKDNSKSQVFFKMNSLQSNDTAIYYCARALTYYDYEFAYWGQGTLVTVSA,DILLTQSPVILSVSPGERVSFSCRASQSIGTNIHWYQQRTNGSPRLLIKYASESISGIPSRFSGSGSGTDFTLSINSVESEDIADYYCQQNNNWPTTFGAGTKLELK,-46,46
cixutumumab,EVQLVQSGAEVKKPGSSVKVSCKASGGTFSSYAISWVRQAPGQGLEWMGGIIPIFGTANYAQKFQGRVTITADKSTSTAYMELSSLRSEDTAVYYCARAPLRFLEWSTQDHYYYYYMDVWGKGTTVTVSS,SSELTQDPAVSVALGQTVRITCQGDSLRSYYATWYQQKPGQAPILVIYGENKRPSGIPDRFSGSSSGNTASLTITGAQAEDEADYYCKSRDGSGQHLVFGGGTKLTVL,-59,59
clazakizumab,EVQLVESGGGLVQPGGSLRLSCAASGFSLSNYYVTWVRQAPGKGLEWVGIIYGSDETAYATSAIGRFTISRDNSKNTLYLQMNSLRAEDTAVYYCARDDSSDWDAKFNLWGQGTLVTVSS,AIQMTQSPSSLSASVGDRVTITCQASQSINNELSWYQQKPGKAPKLLIYRASTLASGVPSRFSGSGSGTDFTLTISSLQPDDFATYYCQQGYSLRNIDNAFGGGTKVEIK,-50,50
codrituzumab,QVQLVQSGAEVKKPGASVKVSCKASGYTFTDYEMHWVRQAPGQGLEWMGALDPKTGDTAYSQKFKGRVTLTADKSTSTAYMELSSLTSEDTAVYYCTRFYSYTYWGQGTLVTVSS,DVVMTQSPLSLPVTPGEPASISCRSSQSLVHSNRNTYLHWYLQKPGQSPQLLIYKVSNRFSGVPDRFSGSGSGTDFTLKISRVEAEDVGVYYCSQNTHVPPTFGQGTKLEIK,-47,47
coltuximab,QVQLVQPGAEVVKPGASVKLSCKTSGYTFTSNWMHWVKQAPGQGLEWIGEIDPSDSYTNYNQNFQGKAKLTVDKSTSTAYMEVSSLRSDDTAVYYCARGSNPYYYAMDYWGQGTSVTVSS,EIVLTQSPAIMSASPGERVTMTCSASSGVNYMHWYQQKPGTSPRRWIYDTSKLASGVPARFSGSGSGTDYSLTISSMEPEDAATYYCHQRGSYTFGGGTKLEIK,-44,44
concizumab,EVQLVESGGGLVKPGGSLRLSCAASGFTFSNYAMSWVRQTPEKRLEWVATISRSGSYSYFPDSVQGRFTISRDNAKNSLYLQMNSLRAEDTAVYYCARLGGYDEGDAMDSWGQGTTVTVSS,DIVMTQTPLSLSVTPGQPASISCKSSQSLLESDGKTYLNWYLQKPGQSPQLLIYLVSILDSGVPDRFSGSGSGTDFTLKISRVEAEDVGVYYCLQATHFPQTFGGGTKVEIK,-53,53
crenezumab,EVQLVESGGGLVQPGGSLRLSCAASGFTFSSYGMSWVRQAPGKGLELVASINSNGGSTYYPDSVKGRFTISRDNAKNSLYLQMNSLRAEDTAVYYCASGDYWGQGTTVTVSS,DIVMTQSPLSLPVTPGEPASISCRSSQSLVYSNGDTYLHWYLQKPGQSPQLLIYKVSNRFSGVPDRFSGSGSGTDFTLKISRVEAEDVGVYYCSQSTHVPWTFGQGTKVEIK,-44,44
crizanlizumab,QVQLVQSGAEVKKPGASVKVSCKVSGYTFTSYDINWVRQAPGKGLEWMGWIYPGDGSIKYNEKFKGRVTMTVDKSTDTAYMELSSLRSEDTAVYYCARRGEYGNYEGAMDYWGQGTLVTVSS,DIQMTQSPSSLSASVGDRVTITCKASQSVDYDGHSYMNWYQQKPGKAPKLLIYAASNLESGVPSRFSGSGSGTDFTLTISSLQPEDFATYYCQQSDENPLTFGGGTKVEIK,-53,53
cusatuzumab,EVQLVESGGGLVQPGGSLRLSCAASGFTFSVYYMNWVRQAPGKGLEWVSDINNEGGTTYYADSVKGRFTISRDNSKNSLYLQMNSLRAEDTAVYYCARDAGYSNHVPIFDSWGQGTLVTVSS,QAVVTQEPSLTVSPGGTVTLTCGLKSGSVTSDNFPTWYQQTPGQAPRLLIYNTNTRHSGVPDRFSGSILGNKAALTITGAQADDEAEYFCALFISNPSVEFGGGTQLTVL,-53,53
dacetuzumab,EVQLVESGGGLVQPGGSLRLSCAASGYSFTGYYIHWVRQAPGKGLEWVARVIPNAGGTSYNQKFKGRFTLSVDNSKNTAYLQMNSLRAEDTAVYYCAREGIYWWGQGTLVTVSS,DIQMTQSPSSLSASVGDRVTITCRSSQSLVHSNGNTFLHWYQQKPGKAPKLLIYTVSNRFSGVPSRFSGSGSGTDFTLTISSLQPEDFATYFCSQTTHVPWTFGQGTKVEIK,-46,46
daclizumab,QVQLVQSGAEVKKPGSSVKVSCKASGYTFTSYRMHWVRQAPGQGLEWIGYINPSTGYTEYNQKFKDKATITADESTNTAYMELSSLRSEDTAVYYCARGGGVFDYWGQGTLVTVSS,DIQMTQSPSTLSASVGDRVTITCSASSSISYMHWYQQKPGKAPKLLIYTTSNLASGVPARFSGSGSGTEFTLTISSLQPDDFATYYCHQRSTYPLTFGQGTKVEVK,-42,42
dalotuzumab,QVQLQESGPGLVKPSETLSLTCTVSGYSITGGYLWNWIRQPPGKGLEWIGYISYDGTNNYKPSLKDRVTISRDTSKNQFSLKLSSVTAADTAVYYCARYGRVFFDYWGQGTLVTVSS,DIVMTQSPLSLPVTPGEPASISCRSSQSIVHSNGNTYLQWYLQKPGQSPQLLIYKVSNRLYGVPDRFSGSGSGTDFTLKISRVEAEDVGVYYCFQGSHVPWTFGQGTKVEIK,-49,49
daratumumab,EVQLLESGGGLVQPGGSLRLSCAVSGFTFNSFAMSWVRQAPGKGLEWVSAISGSGGGTYYADSVKGRFTISRDNSKNTLYLQMNSLRAEDTAVYFCAKDKILWFGEPVFDYWGQGTLVTVSS,EIVLTQSPATLSLSPGERATLSCRASQSVSSYLAWYQQKPGQAPRLLIYDASNRATGIPARFSGSGSGTDFTLTISSLEPEDFAVYYCQQRSNWPPTFGQGTKVEIK,-49,49
denosumab,EVQLLESGGGLVQPGGSLRLSCAASGFTFSSYAMSWVRQAPGKGLEWVSGITGSGGSTYYADSVKGRFTISRDNSKNTLYLQMNSLRAEDTAVYYCAKDPGTTVIMSWFDPWGQGTLVTVSS,EIVLTQSPGTLSLSPGERATLSCRASQSVRGRYLAWYQQKPGQAPRLLIYGASSRATGIPDRFSGSGSGTDFTLTISRLEPEDFAVFYCQQYGSSPRTFGQGTKVEIK,-50,50
depatuxizumab,QVQLQESGPGLVKPSQTLSLTCTVSGYSISSDFAWNWIRQPPGKGLEWMGYISYSGNTRYQPSLKSRITISRDTSKNQFFLKLNSVTAADTATYYCVTAGRGFPYWGQGTLVTVSS,DIQMTQSPSSMSVSVGDRVTITCHSSQDINSNIGWLQQKPGKSFKGLIYHGTNLDDGVPSRFSGSGSGTDYTLTISSLQPEDFATYYCVQYAQFPWTFGGGTKLEIK,-43,43
dinutuximab,EVQLLQSGPELEKPGASVMISCKASGSSFTGYNMNWVRQNIGKSLEWIGAIDPYYGGTSYNQKFKGRATLTVDKSSSTAYMHLKSLTSEDSAVYYCVSGMEYWGQGTSVTVSS,EIVMTQSPATLSVSPGERATLSCRSSQSLVHRNGNTYLHWYLQKPGQSPKLLIHKVSNRFSGVPDRFSGSGSGTDFTLKISRVEAEDLGVYFCSQSTHVPPLTFGAGTKLELK,-46,46
domagrozumab,EVQLLESGGGLVQPGGSLRLSCAASGFTFSSYAMSWVRQAPGKGLEWVSTISSGGSYTSYPDSVKGRFTISRDNSKNTLYLQMNSLRAEDTAVYYCAKQDYAMNYWGQGTLVTVSS,DIQMTQSPSSLSASVGDRVTITCKASQDVSTAVAWYQQKPGKAPKLLIYSASYRYTGVPSRFSGSGSGTDFTLTISSLQPEDFATYYCQQHYSTPWTFGGGTKVEIK,-43,43
dostarlimab,EVQLLESGGGLVQPGGSLRLSCAASGFTFSSYDMSWVRQAPGKGLEWVSTISGGGSYTYYQDSVKGRFTISRDNSKNTLYLQMNSLRAEDTAVYYCASPYYAMDYWGQGTTVTVSS,DIQLTQSPSFLSAYVGDRVTITCKASQDVGTAVAWYQQKPGKAPKLLIYWASTLHTGVPSRFSGSGSGTEFTLTISSLQPEDFATYYCQHYSSYPWTFGQGTKLEIK,-43,43
duligotuzumab,EVQLVESGGGLVQPGGSLRLSCAASGFTLSGDWIHWVRQAPGKGLEWVGEISAAGGYTDYADSVKGRFTISADTSKNTAYLQMNSLRAEDTAVYYCARESRVSFEAAMDYWGQGTLVTVSS,DIQMTQSPSSLSASVGDRVTITCRASQNIATDVAWYQQKPGKAPKLLIYSASFLYSGVPSRFSGSGSGTDFTLTISSLQPEDFATYYCQQSEPEPYTFGQGTKVEIK,-48,48
dupilumab,EVQLVESGGGLEQPGGSLRLSCAGSGFTFRDYAMTWVRQAPGKGLEWVSSISGSGGNTYYADSVKGRFTISRDNSKNTLYLQMNSLRAEDTAVYYCAKDRLSITIRPRYYGLDVWGQGTTVTVSS,DIVMTQSPLSLPVTPGEPASISCRSSQSLLYSIGYNYLDWYLQKSGQSPQLLIYLGSNRASGVPDRFSGSGSGTDFTLKISRVEAEDVGFYYCMQALQTPYTFGQGTKLEIK,-57,57
durvalumab,EVQLVESGGGLVQPGGSLRLSCAASGFTFSRYWMSWVRQAPGKGLEWVANIKQDGSEKYYVDSVKGRFTISRDNAKNSLYLQMNSLRAEDTAVYYCAREGGWFGELAFDYWGQGTLVTVSS,EIVLTQSPGTLSLSPGERATLSCRASQRVSSSYLAWYQQKPGQAPRLLIYDASSRATGIPDRFSGSGSGTDFTLTISRLEPEDFAVYYCQQYGSLPWTFGQGTKVEIK,-49,49
eculizumab,QVQLVQSGAEVKKPGASVKVSCKASGYIFSNYWIQWVRQAPGQGLEWMGEILPGSGSTEYTENFKDRVTMTRDTSTSTVYMELSSLRSEDTAVYYCARYFFGSSPNWYFDVWGQGTLVTVSS,DIQMTQSPSSLSASVGDRVTITCGASENIYGALNWYQQKPGKAPKLLIYGATNLADGVPSRFSGSGSGTDFTLTISSLQPEDFATYYCQNVLNTPLTFGQGTKVEIK,-49,49
efalizumab,EVQLVESGGGLVQPGGSLRLSCAASGYSFTGHWMNWVRQAPGKGLEWVGMIHPSDSETRYNQKFKDRFTISVDKSKNTLYLQMNSLRAEDTAVYYCARGIYFYGTTYFDYWGQGTLVTVSS,DIQMTQSPSSLSASVGDRVTITCRASKTISKYLAWYQQKPGKAPKLLIYSGSTLQSGVPSRFSGSGSGTDFTLTISSLQPEDFATYYCQQHNEYPLTFGQGTKVEIK,-48,48
eldelumab,QMQLVESGGGVVQPGRSLRLSCTASGFTFSNNGMHWVRQAPGKGLEWVAVIWFDGMNKFYVDSVKGRFTISRDNSKNTLYLEMNSLRAEDTAIYYCAREGDGSGIYYYYGMDVWGQGTTVTVSS,EIVLTQSPGTLSLSPGERATLSCRASQSVSSSYLAWYQQKPGQAPRLLIYGASSRATGIPDRFSGSGSGTDFTLTISRLEPEDFAVYYCQQYGSSPIFTFGPGTKVDIK,-53,53
elezanumab,EVQLVQSGAEVKKPGASVKVSCKASGYTFTSHGISWVRQAPGQGLDWMGWISPYSGNTNYAQKLQGRVTMTTDTSTSTAYMELSSLRSEDTAVYYCARVGSGPYYYMDVWGQGTLVTVSS,QSALTQPRSVSGSPGQSVTISCTGTSSSVGDSIYVSWYQQHPGKAPKLMLYDVTKRPSGVPDRFSGSKSGNTASLTISGLQAEDEADYYCYSYAGTDTLFGGGTKVTVL,-50,50
elotuzumab,EVQLVESGGGLVQPGGSLRLSCAASGFDFSRYWMSWVRQAPGKGLEWIGEINPDSSTINYAPSLKDKFIISRDNAKNSLYLQMNSLRAEDTAVYYCARPDGNYWYFDVWGQGTLVTVSS,DIQMTQSPSSLSASVGDRVTITCKASQDVGIAVAWYQQKPGKVPKLLIYWASTRHTGVPDRFSGSGSGTDFTLTISSLQPEDVATYYCQQYSSYPYTFGQGTKVEIK,-46,46
emactuzumab,QVQLVQSGAEVKKPGASVKVSCKASGYTFTSYDISWVRQAPGQGLEWMGVIWTDGGTNYAQKLQGRVTMTTDTSTSTAYMELRSLRSDDTAVYYCARDQRLYFDVWGQGTTVTVSS,DIQMTQSPSSLSASVGDRVTITCRASEDVNTYVSWYQQKPGKAPKLLIYAASNRYTGVPSRFSGSGSGTDFTLTISSLQPEDFATYYCQQSFSYPTFGQGTKLEIK,-42,42
emapalumab,EVQLLESGGGLVQPGGSLRLSCAASGFTFSSYAMSWVRQAPGKGLEWVSAISGSGGSTYYADSVKGRFTISRDNSKNTLYLQMNSLRAEDTAVYYCAKDGSSGWYVPHWFDPWGQGTLVTVSS,NFMLTQPHSVSESPGKTVTISCTRSSGSIASNYVQWYQQRPGSSPTTVIYEDNQRPSGVPDRFSGSIDSSSNSASLTISGLKTEDEADYYCQSYDGSNRWMFGGGTKLTVL,-53,53
emibetuzumab,QVQLVQSGAEVKKPGASVKVSCKASGYTFTDYYMHWVRQAPGQGLEWMGRVNPNRRGTTYNQKFEGRVTMTTDTSTSTAYMELRSLRSDDTAVYYCARANWLDYWGQGTTVTVSS,DIQMTQSPSSLSASVGDRVTITCSVSSSVSSIYLHWYQQKPGKAPKLLIYSTSNLASGVPSRFSGSGSGTDFTLTISSLQPEDFATYYCQVYSGYPLTFGGGTKVEIK,-43,43
enavatuzumab,EVQLVESGGGLVQPGGSLRLSCAASGFTFSSYWMSWVRQAPGKGLEWVAEIRLKSDNYATHYAESVKGRFTISRDDSKNSLYLQMNSLRAEDTAVYYCTGYYADAMDYWGQGTLVTVSS,DIQMTQSPSSLSASVGDRVTITCRASQSVSTSSYSYMHWYQQKPGKAPKLLIKYASNLESGVPSRFSGSGSGTDFTLTISSLQPEDFATYYCQHSWEIPYTFGGGTKVEIK,-50,50
enokizumab,QVQLVQSGAEVKKPGSSVKVSCKASGGTFSYYWIEWVRQAPGQGLEWMGEILPGSGTTNPNEKFKGRVTITADESTSTAYMELSSLRSEDTAVYYCARADYYGSDYVKFDYWGQGTLVTVSS,DIQMTQSPSSLSASVGDRVTITCKASQHVITHVTWYQQKPGKAPKLLIYGTSYSYSGVPSRFSGSGSGTDFTLTISSLQPEDFATYYCQQFYEYPLTFGGGTKVEIK,-49,49
epratuzumab,QVQLVQSGAEVKKPGSSVKVSCKASGYTFTSYWLHWVRQAPGQGLEWIGYINPRNDYTEYNQNFKDKATITADESTNTAYMELSSLRSEDTAFYFCARRDITTFYWGQGTTVTVSS,DIQLTQSPSSLSASVGDRVTMSCKSSQSVLYSANHKNYLAWYQQKPGKAPKLLIYWASTRESGVPSRFSGSGSGTDFTFTISSLQPEDIATYYCHQYLSSWTFGGGTKLEIK,-48,48
eptinezumab,EVQLVESGGGLVQPGGSLRLSCAVSGIDLSGYYMNWVRQAPGKGLEWVGVIGINGATYYASWAKGRFTISRDNSKTTVYLQMNSLRAEDTAVYFCARGDIWGQGTLVTVSS,QVLTQSPSSLSASVGDRVTINCQASQSVYHNTYLAWYQQKPGKVPKQLIYDASTLASGVPSRFSGSGSGTDFTLTISSLQPEDVATYYCLGSYDCTNGDCFVFGGGTKVEIK,-44,44
erenumab,QVQLVESGGGVVQPGRSLRLSCAASGFTFSSFGMHWVRQAPGKGLEWVAVISFDGSIKYSVDSVKGRFTISRDNSKNTLFLQMNSLRAEDTAVYYCARDRLNYYDSSGYYHYKYYGMAVWGQGTTVTVSS,QSVLTQPPSVSAAPGQKVTISCSGSSSNIGNNYVSWYQQLPGTAPKLLIYDNNKRPSGIPDRFSGSKSGTSTTLGITGLQTGDEADYYCGTWDSRLSAVVFGGGTKLTVL,-60,60
etaracizumab,QVQLVESGGGVVQPGRSLRLSCAASGFTFSSYDMSWVRQAPGKGLEWVAKVSSGGGSTYYLDTVQGRFTISRDNSKNTLYLQMNSLRAEDTAVYYCARHLHGSFASWGQGTTVTVSS,EIVLTQSPATLSLSPGERATLSCQASQSISNFLHWYQQRPGQAPRLLIRYRSQSISGIPARFSGSGSGTDFTLTISSLEPEDFAVYYCQQSGSWPLTFGGGTKVEIK,-44,44
etrolizumab,EVQLVESGGGLVQPGGSLRLSCAASGFFITNNYWGWVRQAPGKGLEWVGYISYSGSTSYNPSLKSRFTISRDTSKNTFYLQMNSLRAEDTAVYYCARTGSSGYFDFWGQGTLVTVSS,DIQMTQSPSSLSASVGDRVTITCRASESVDDLLHWYQQKPGKAPKLLIKYASQSISGVPSRFSGSGSGTDFTLTISSLQPEDFATYYCQQGNSLPNTFGQGTKVEIK,-44,44
evinacumab,EVQLVESGGGVIQPGGSLRLSCAASGFTFDDYAMNWVRQGPGKGLEWVSAISGDGGSTYYADSVKGRFTISRDNSKNSLYLQMNSLRAEDTAFFYCAKDLRNTIFGVVIPDAFDIWGQGTMVTVSS,DIQMTQSPSTLSASVGDRVTITCRASQSIRSWLAWYQQKPGKAPKLLIYKASSLESGVPSRFSGSGSGTEFTLTISSLQPDDFATYYCQQYNSYSYTFGQGTKLEIK,-53,53
evolocumab,EVQLVQSGAEVKKPGASVKVSCKASGYTLTSYGISWVRQAPGQGLEWMGWVSFYNGNTNYAQKLQGRGTMTTDPSTSTAYMELRSLRSDDTAVYYCARGYGMDVWGQGTTVTVSS,ESALTQPASVSGSPGQSITISCTGTSSDVGGYNSVSWYQQHPGKAPKLMIYEVSNRPSGVSNRFSGSKSGNTASLTISGLQAEDEADYYCNSYTSTSMVFGGGTKLTVL,-45,45
farletuzumab,EVQLVESGGGVVQPGRSLRLSCSASGFTFSGYGLSWVRQAPGKGLEWVAMISSGGSYTYYADSVKGRFAISRDNAKNTLFLQMDSLRPEDTGVYFCARHGDDPAWFAYWGQGTPVTVSS,DIQLTQSPSSLSASVGDRVTITCSVSSSISSNNLHWYQQKPGKAPKPWIYGTSNLASGVPSRFSGSGSGTDYTFTISSLQPEDIATYYCQQWSSYPYMYTFGQGTKVEIK,-49,49
fasinumab,QVQLVQSGAEVKKPGASVKVSCKVSGFTLTELSIHWVRQAPGKGLEWMGGFDPEDGETIYAQKFQGRVTMTEDTSTDTAYMELTSLRSEDTAVYYCSTIFGVVTNFDNWGQGTLVTVSS,DIQMTQSPSSLSASAGDRVTITCRASQAIRNDLGWYQQKPGKAPKRLIYAAFNLQSGVPSRFSGSGSGTEFTLTISSLQPEDLASYYCQQYNRYPWTFGQGTKVEIK,-46,46
fezakinumab,QVQLVQSGAEVKKPGASVKVSCKASGYTFTNYYMHWVRQAPGQGLEWVGWINPYTGSAFYAQKFRGRVTMTRDTSISTAYMELSRLRSDDTAVYYCAREPEKFDSDDSDVWGRGTLVTVSS,QAVLTQPPSVSGAPGQRVTISCTGSSSNIGAGYGVHWYQQLPGTAPKLLIYGDSNRPSGVPDRFSGSKSGTSASLAITGLQAEDEADYYCQSYDNSLSGYVFGGGTQLTVL,-53,53
ficlatuzumab,QVQLVQPGAEVKKPGTSVKLSCKASGYTFTTYWMHWVRQAPGQGLEWIGEINPTNGHTNYNQKFQGRATLTVDKSTSTAYMELSSLRSEDTAVYYCARNYVGSIFDYWGQGTLLTVSS,DIVMTQSPDSLAMSLGERVTLNCKASENVVSYVSWYQQKPGQSPKLLIYGASNRESGVPDRFSGSGSATDFTLTISSVQAEDVADYHCGQSYNYPYTFGQGTKLEIK,-45,45
figitumumab,EVQLLESGGGLVQPGGSLRLSCTASGFTFSSYAMNWVRQAPGKGLEWVSAISGSGGTTFYADSVKGRFTISRDNSRTTLYLQMNSLRAEDTAVYYCAKDLGWSDSYYYYYGMDVWGQGTTVTVSS,DIQMTQFPSSLSASVGDRVTITCRASQGIRNDLGWYQQKPGKAPKRLIYAASRLHRGVPSRFSGSGSGTEFTLTISSLQPEDFATYYCLQHNSYPCSFGQGTKLEIK,-52,52
fletikumab,QVQLVQSGAEVKRPGASVKVSCKASGYTFTNDIIHWVRQAPGQRLEWMGWINAGYGNTQYSQNFQDRVSITRDTSASTAYMELISLRSEDTAVYYCAREPLWFGESSPHDYYGMDVWGQGTTVTVSS,AIQLTQSPSSLSASVGDRVTITCRASQGISSALAWYQQKPGKAPKLLIYDASSLESGVPSRFSGSGSGTDFTLTISSLQPEDFATYYCQQFNSYPLTFGGGTKVEIK,-54,54
foralumab,QVQLVESGGGVVQPGRSLRLSCAASGFKFSGYGMHWVRQAPGKGLEWVAVIWYDGSKKYYVDSVKGRFTISRDNSKNTLYLQMNSLRAEDTAVYYCARQMGYWHFDLWGRGTLVTVSS,EIVLTQSPATLSLSPGERATLSCRASQSVSSYLAWYQQKPGQAPRLLIYDASNRATGIPARFSGSGSGTDFTLTISSLEPEDFAVYYCQQRSNWPPLTFGGGTKVEIK,-46,46
fremanezumab,EVQLVESGGGLVQPGGSLRLSCAASGFTFSNYWISWVRQAPGKGLEWVAEIRSESDASATHYAEAVKGRFTISRDNAKNSLYLQMNSLRAEDTAVYYCLAYFDYGLAIQNYWGQGTLVTVSS,EIVLTQSPATLSLSPGERATLSCKASKRVTTYVSWYQQKPGQAPRLLIYGASNRYLGIPARFSGSGSGTDFTLTISSLEPEDFAVYYCSQSYNYPYTFGQGTKLEIK,-49,49
fresolimumab,QVQLVQSGAEVKKPGSSVKVSCKASGYTFSSNVISWVRQAPGQGLEWMGGVIPIVDIANYAQRFKGRVTITADESTSTTYMELSSLRSEDTAVYYCASTLGLVLDAMDYWGQGTLVTVSS,ETVLTQSPGTLSLSPGERATLSCRASQSLGSSYLAWYQQKPGQAPRLLIYGASSRAPGIPDRFSGSGSGTDFTLTISRLEPEDFAVYYCQQYADSPITFGQGTRLEIK,-48,48
fulranumab,EVQLVESGGGLVQPGGSLRLSCAASGFTLRSYSMNWVRQAPGKGLEWVSYISRSSHTIFYADSVKGRFTISRDNAKNSLYLQMDSLRDEDTAMYYCARVYSSGWHVSDYFDYWGQGILVTVSS,AIQLTQSPSSLSASVGDRVTITCRASQGISSALAWYQQKPGKAPKLLIYDASSLESGVPSRFSGSGSGTDFTLTISSLQPEDFATYYCQQFNSYPLTFGGGTKVEIK,-50,50
galcanezumab,QVQLVQSGAEVKKPGSSVKVSCKASGYTFGNYWMQWVRQAPGQGLEWMGAIYEGTGKTVYIQKFADRVTITADKSTSTAYMELSSLRSEDTAVYYCARLSDYVSGFGYWGQGTTVTVSS,DIQMTQSPSSLSASVGDRVTITCRASKDISKYLNWYQQKPGKAPKLLIYYTSGYHSGVPSRFSGSGSGTDFTLTISSLQPEDFATYYCQQGDALPPTFGGGTKVEIK,-46,46
galiximab,QVQLQESGPGLVKPSETLSLTCAVSGGSISGGYGWGWIRQPPGKGLEWIGSFYSSSGNTYYNPSLKSQVTISTDTSKNQFSLKLNSMTAADTAVYYCVRDRLFSVVGMVYNNWFDVWGPGVLVTVSS,ESALTQPPSVSGAPGQKVTISCTGSTSNIGGYDLHWYQQLPGTAPKLLIYDINKRPSGISDRFSGSKSGTAASLAITGLQTEDEADYYCQSYDSSLNAQVFGGGTRLTVL,-58,58
ganitumab,QVQLQESGPGLVKPSGTLSLTCAVSGGSISSSNWWSWVRQPPGKGLEWIGEIYHSGSTNYNPSLKSRVTISVDKSKNQFSLKLSSVTAADTAVYYCARWTGRTDAFDIWGQGTMVTVSS,DVVMTQSPLSLPVTPGEPASISCRSSQSLLHSNGYNYLDWYLQKPGQSPQLLIYLGSNRASGVPDRFSGSGSGTDFTLKISRVEAEDVGVYYCMQGTHWPLTFGQGTKVEIK,-51,51
gantenerumab,QVELVESGGGLVQPGGSLRLSCAASGFTFSSYAMSWVRQAPGKGLEWVSAINASGTRTYYADSVKGRFTISRDNSKNTLYLQMNSLRAEDTAVYYCARGKGNTHKPYGYVRYFDVWGQGTLVTVSS,DIVLTQSPATLSLSPGERATLSCRASQSVSSSYLAWYQQKPGQAPRLLIYGASSRATGVPARFSGSGSGTDFTLTISSLEPEDFATYYCLQIYNMPITFGQGTKVEIK,-54,54
gatipotuzumab,EVQLVESGGGLVQPGGSMRLSCVASGFPFSNYWMNWVRQAPGKGLEWVGEIRLKSNNYTTHYAESVKGRFTISRDDSKNSLYLQMNSLKTEDTAVYYCTRHYYFDYWGQGTLVTVSS,DIVMTQSPLSNPVTPGEPASISCRSSKSLLHSNGITYFFWYLQKPGQSPQLLIYQMSNLASGVPDRFSGSGSGTDFTLRISRVEAEDVGVYYCAQNLELPPTFGQGTKVEIK,-49,49
gemtuzumab,EVQLVQSGAEVKKPGSSVKVSCKASGYTITDSNIHWVRQAPGQSLEWIGYIYPYNGGTDYNQKFKNRATLTVDNPTNTAYMELSSLRSEDTAFYYCVNGNPWLAYWGQGTLVTVSS,DIQLTQSPSTLSASVGDRVTITCRASESLDNYGIRFLTWFQQKPGKAPKLLMYAASNQGSGVPSRFSGSGSGTEFTLTISSLQPDDFATYYCQQTKEVPWSFGQGTKVEVK,-47,47
gevokizumab,QVQLQESGPGLVKPSQTLSLTCSFSGFSLSTSGMGVGWIRQPSGKGLEWLAHIWWDGDESYNPSLKSRLTISKDTSKNQVSLKITSVTAADTAVYFCARNRYDPPWFVDWGQGTLVTVSS,DIQMTQSTSSLSASVGDRVTITCRASQDISNYLSWYQQKPGKAVKLLIYYTSKLHSGVPSRFSGSGSGTDYTLTISSLQQEDFATYFCLQGKMLPWTFGQGTKLEIK,-47,47
gimsilumab,EVQLVESGGGLVQPGGSLRLSCAASGFTFSRHWMHWLRQVPGKGPVWVSRINGAGTSITYADSVRGRFTISRDNANNTLFLQMNSLRADDTALYFCARANSVWFRGLFDYWGQGTPVTVSS,EIVLTQSPVTLSVSPGERVTLSCRASQSVSTNLAWYQQKLGQGPRLLIYGASTRATDIPARFSGSGSETEFTLTISSLQSEDFAVYYCQQYDKWPDTFGQGTKLEIK,-48,48
girentuximab,DVKLVESGGGLVKLGGSLKLSCAASGFTFSNYYMSWVRQTPEKRLELVAAINSDGGITYYLDTVKGRFTISRDNAKNTLYLQMSSLKSEDTALFYCARHRSGYFSMDYWGQGTSVTVSS,DIVMTQSQRFMSTTVGDRVSITCKASQNVVSAVAWYQQKPGQSPKLLIYSASNRYTGVPDRFTGSGSGTDFTLTISNMQSEDLADFFCQQYSNYPWTFGGGTKLEIK,-46,46
glembatumumab,QVQLQESGPGLVKPSQTLSLTCTVSGGSISSFNYYWSWIRHHPGKGLEWIGYIYYSGSTYSNPSLKSRVTISVDTSKNQFSLTLSSVTAADTAVYYCARGYNWNYFDYWGQGTLVTVSS,EIVMTQSPATLSVSPGERATLSCRASQSVDNNLVWYQQKPGQAPRLLIYGASTRATGIPARFSGSGSGTEFTLTISSLQSEDFAVYYCQQYNNWPPWTFGQGTKVEIK,-47,47
golimumab,QVQLVESGGGVVQPGRSLRLSCAASGFIFSSYAMHWVRQAPGNGLEWVAFMSYDGSNKKYADSVKGRFTISRDNSKNTLYLQMNSLRAEDTAVYYCARDRGIAAGGNYYYYGMDVWGQGTTVTVSS,EIVLTQSPATLSLSPGERATLSCRASQSVYSYLAWYQQKPGQAPRLLIYDASNRATGIPARFSGSGSGTDFTLTISSLEPEDFAVYYCQQRSNWPPFTFGPGTKVDIK,-54,54
guselkumab,EVQLVQSGAEVKKPGESLKISCKGSGYSFSNYWIGWVRQMPGKGLEWMGIIDPSNSYTRYSPSFQGQVTISADKSISTAYLQWSSLKASDTAMYYCARWYYKPFDVWGQGTLVTVSS,QSVLTQPPSVSGAPGQRVTISCTGSSSNIGSGYDVHWYQQLPGTAPKLLIYGNSKRPSGVPDRFSGSKSGTSASLAITGLQSEDEADYYCASWTDGLSLVVFGGGTKLTVL,-49,49
ianalumab,QVQLQQSGPGLVKPSQTLSLTCAISGDSVSSNSAAWGWIRQSPGRGLEWLGRIYYRSKWYNSYAVSVKSRITINPDTSKNQFSLQLNSVTPEDTAVYYCARYQWVPKIGVFDSWGQGTLVTVSS,DIVLTQSPATLSLSPGERATLSCRASQFILPEYLSWYQQKPGQAPRLLIYGSSSRATGVPARFSGSGSGTDFTLTISSLEPEDFAVYYCQQFYSSPLTFGQGTKVEIK,-52,52
ibalizumab,QVQLQQSGPEVVKPGASVKMSCKASGYTFTSYVIHWVRQKPGQGLDWIGYINPYNDGTDYDEKFKGKATLTSDTSTSTAYMELSSLRSEDTAVYYCAREKDNYATGAWFAYWGQGTLVTVSS,DIVMTQSPDSLAVSLGERVTMNCKSSQSLLYSTNQKNYLAWYQQKPGQSPKLLIYWASTRESGVPDRFSGSGSGTDFTLTISSVQAEDVAVYYCQQYYSYRTFGGGTKLEIK,-54,54
icrucumab,QAQVVESGGGVVQSGRSLRLSCAASGFAFSSYGMHWVRQAPGKGLEWVAVIWYDGSNKYYADSVRGRFTISRDNSENTLYLQMNSLRAEDTAVYYCARDHYGSGVHHYFYYGLDVWGQGTTVTVSS,EIVLTQSPGTLSLSPGERATLSCRASQSVSSSYLAWYQQKPGQAPRLLIYGASSRATGIPDRFSGSGSGTDFTLTISRLEPEDFAVYYCQQYGSSPLTFGGGTKVEIK,-54,54
imgatuzumab,QVQLVQSGAEVKKPGSSVKVSCKASGFTFTDYKIHWVRQAPGQGLEWMGYFNPNSGYSTYAQKFQGRVTITADKSTSTAYMELSSLRSEDTAVYYCARLSPGGYYVMDAWGQGTTVTVSS,DIQMTQSPSSLSASVGDRVTITCRASQGINNYLNWYQQKPGKAPKRLIYNTNNLQTGVPSRFSGSGSGTEFTLTISSLQPEDFATYYCLQHNSFPTFGQGTKLEIK,-46,46
inclacumab,EVQLVESGGGLVRPGGSLRLSCAASGFTFSNYDMHWVRQATGKGLEWVSAITAAGDIYYPGSVKGRFTISRENAKNSLYLQMNSLRAGDTAVYYCARGRYSGSGSYYNDWFDPWGQGTLVTVSS,EIVLTQSPATLSLSPGERATLSCRASQSVSSYLAWYQQKPGQAPRLLIYDASNRATGIPARFSGSGSGTDFTLTISSLEPEDFAVYYCQQRSNWPLTFGGGTKVEIK,-51,51
inebilizumab,EVQLVESGGGLVQPGGSLRLSCAASGFTFSSSWMNWVRQAPGKGLEWVGRIYPGDGDTNYNVKFKGRFTISRDDSKNSLYLQMNSLKTEDTAVYYCARSGFITTVRDFDYWGQGTLVTVSS,EIVLTQSPDFQSVTPKEKVTITCRASESVDTFGISFMNWFQQKPDQSPKLLIHEASNQGSGVPSRFSGSGSGTDFTLTINSLEAEDAATYYCQQSKEVPFTFGGGTKVEIK,-52,52
infliximab,EVKLEESGGGLVQPGGSMKLSCVASGFIFSNHWMNWVRQSPEKGLEWVAEIRSKSINSATHYAESVKGRFTISRDDSKSAVYLQMTDLRTEDTGVYYCSRNYYGSTYDYWGQGTTLTVSS,DILLTQSPAILSVSPGERVSFSCRASQFVGSSIHWYQQRTNGSPRLLIKYASESMSGIPSRFSGSGSGTDFTLSINTVESEDIADYYCQQSHSWPFTFGSGTNLEVK,-47,47
inotuzumab,EVQLVQSGAEVKKPGASVKVSCKASGYRFTNYWIHWVRQAPGQGLEWIGGINPGNNYATYRRKFQGRVTMTADTSTSTVYMELSSLRSEDTAVYYCTREGYGNYGAWFAYWGQGTLVTVSS,DVQVTQSPSSLSASVGDRVTITCRSSQSLANSYGNTFLSWYLHKPGKAPQLLIYGISNRFSGVPDRFSGSGSGTDFTLTISSLQPEDFATYYCLQGTHQPYTFGQGTKVEIK,-53,53
intetumumab,QVQLVESGGGVVQPGRSRRLSCAASGFTFSRYTMHWVRQAPGKGLEWVAVISFDGSNKYYVDSVKGRFTISRDNSENTLYLQVNILRAEDTAVYYCAREARGSYAFDIWGQGTMVTVSS,EIVLTQSPATLSLSPGERATLSCRASQSVSSYLAWYQQKPGQAPRLLIYDASNRATGIPARFSGSGSGTDFTLTISSLEPEDFAVYYCQQRSNWPPFTFGPGTKVDIK,-47,47
ipilimumab,QVQLVESGGGVVQPGRSLRLSCAASGFTFSSYTMHWVRQAPGKGLEWVTFISYDGNNKYYADSVKGRFTISRDNSKNTLYLQMNSLRAEDTAIYYCARTGWLGPFDYWGQGTLVTVSS,EIVLTQSPGTLSLSPGERATLSCRASQSVGSSYLAWYQQKPGQAPRLLIYGAFSRATGIPDRFSGSGSGTDFTLTISRLEPEDFAVYYCQQYGSSPWTFGQGTKVEIK,-46,46
isatuximab,QVQLVQSGAEVAKPGTSVKLSCKASGYTFTDYWMQWVKQRPGQGLEWIGTIYPGDGDTGYAQKFQGKATLTADKSSKTVYMHLSSLASEDSAVYYCARGDYYGSNSLDYWGQGTSVTVSS,DIVMTQSHLSMSTSLGDPVSITCKASQDVSTVVAWYQQKPGQSPRRLIYSASYRYIGVPDRFTGSGAGTDFTFTISSVQAEDLAVYYCQQHYSPPYTFGGGTKLEIK,-47,47
iscalimab,QVQLVESGGGVVQPGRSLRLSCAASGFTFSSYGMHWVRQAPGKGLEWVAVISYEESNRYHADSVKGRFTISRDNSKITLYLQMNSLRTEDTAVYYCARDGGIAAPGPDYWGQGTLVTVSS,DIVMTQSPLSLTVTPGEPASISCRSSQSLLYSNGYNYLDWYLQKPGQSPQVLISLGSNRASGVPDRFSGSGSGTDFTLKISRVEAEDVGVYYCMQARQTPFTFGPGTKVDIR,-52,52
itolizumab,EVQLVESGGGLVKPGGSLKLSCAASGFKFSRYAMSWVRQAPGKRLEWVATISSGGSYIYYPDSVKGRFTISRDNVKNTLYLQMSSLRSEDTAMYYCARRDYDLDYFDSWGQGTLVTVSS,DIQMTQSPSSLSASVGDRVTITCKASRDIRSYLTWYQQKPGKAPKTLIYYATSLADGVPSRFSGSGSGQDYSLTISSLESDDTATYYCLQHGESPFTLGSGTKLEIK,-46,46
ixekizumab,QVQLVQSGAEVKKPGSSVKVSCKASGYSFTDYHIHWVRQAPGQGLEWMGVINPMYGTTDYNQRFKGRVTITADESTSTAYMELSSLRSEDTAVYYCARYDYFTGTGVYWGQGTLVTVSS,DIVMTQTPLSLSVTPGQPASISCRSSRSLVHSRGNTYLHWYLQKPGQSPQLLIYKVSNRFIGVPDRFSGSGSGTDFTLKISRVEAEDVGVYYCSQSTHLPFTFGQGTKLEIK,-51,51
ladiratuzumab,QVQLVQSGAEVKKPGASVKVSCKASGLTIEDYYMHWVRQAPGQGLEWMGWIDPENGDTEYGPKFQGRVTMTRDTSINTAYMELSRLRSDDTAVYYCAVHNAHYGTWFAYWGQGTLVTVSS,DVVMTQSPLSLPVTLGQPASISCRSSQSLLHSSGNTYLEWYQQRPGQSPRPLIYKISTRFSGVPDRFSGSGSGTDFTLKISRVEAEDVGVYYCFQGSHVPYTFGGGTKVEIK,-52,52
lampalizumab,EVQLVQSGPELKKPGASVKVSCKASGYTFTNYGMNWVRQAPGQGLEWMGWINTYTGETTYADDFKGRFVFSLDTSVSTAYLQISSLKAEDTAVYYCEREGGVNNWGQGTLVTVSS,DIQVTQSPSSLSASVGDRVTITCITSTDIDDDMNWYQQKPGKVPKLLISGGNTLRPGVPSRFSGSGSGTDFTLTISSLQPEDVATYYCLQSDSLPYTFGQGTKVEIK,-42,42
lanadelumab,EVQLLESGGGLVQPGGSLRLSCAASGFTFSHYIMMWVRQAPGKGLEWVSGIYSSGGITVYADSVKGRFTISRDNSKNTLYLQMNSLRAEDTAVYYCAYRRIGVPRRDEFDIWGQGTMVTVSS,DIQMTQSPSTLSASVGDRVTITCRASQSISSWLAWYQQKPGKAPKLLIYKASTLESGVPSRFSGSGSGTEFTLTISSLQPDDFATYYCQQYNTYWTFGQGTKVEIK,-48,48
landogrozumab,EVQLVESGGGLVQPGGSLRLSCAASGLTFSRYPMSWVRQAPGKGLVWVSAITSSGGSTYYSDTVKGRFTISRDNAKNTLYLQMNSLRAEDTAVYYCARLPDYWGQGTLVTVSS,EIVLTQSPGTLSLSPGERATLSCRASSSVSSSYLHWYQQKPGQAPRLLIYSTSNLVAGIPDRFSGSGSGTDFTLTISRLEPEDFAVYYCQHHSGYHFTFGGGTKVEIK,-41,41
lebrikizumab,QVTLRESGPALVKPTQTLTLTCTVSGFSLSAYSVNWIRQPPGKALEWLAMIWGDGKIVYNSALKSRLTISKDTSKNQVVLTMTNMDPVDTATYYCAGDGYYPYAMDNWGQGSLVTVSS,DIVMTQSPDSLSVSLGERATINCRASKSVDSYGNSFMHWYQQKPGQPPKLLIYLASNLESGVPDRFSGSGSGTDFTLTISSLQAEDVAVYYCQQNNEDPRTFGGGTKVEIK,-49,49
lenzilumab,QVQLVQSGAEVKKPGASVKVSCKASGYSFTNYYIHWVRQAPGQRLEWMGWINAGNGNTKYSQKFQGRVTITRDTSASTAYMELSSLRSEDTAVYYCVRRQRFPYYFDYWGQGTLVTVSS,EIVLTQSPATLSVSPGERATLSCRASQSVGTNVAWYQQKPGQAPRVLIYSTSSRATGITDRFSGSGSGTDFTLTISRLEPEDFAVYYCQQFNKSPLTFGGGTKVEIK,-46,46
lexatumumab,EVQLVQSGGGVERPGGSLRLSCAASGFTFDDYGMSWVRQAPGKGLEWVSGINWNGGSTGYADSVKGRVTISRDNAKNSLYLQMNSLRAEDTAVYYCAKILGAGRGWYFDLWGKGTTVTVSS,SSELTQDPAVSVALGQTVRITCQGDSLRSYYASWYQQKPGQAPVLVIYGKNNRPSGIPDRFSGSSSGNTASLTITGAQAEDEADYYCNSRDSSGNHVVFGGGTKLTVL,-50,50
ligelizumab,QVQLVQSGAEVMKPGSSVKVSCKASGYTFSWYWLEWVRQAPGHGLEWMGEIDPGTFTTNYNEKFKARVTFTADTSTSTAYMELSSLRSEDTAVYYCARFSHFSGSNYDYFDYWGQGTLVTVSS,EIVMTQSPATLSVSPGERATLSCRASQSIGTNIHWYQQKPGQAPRLLIYYASESISGIPARFSGSGSGTEFTLTISSLQSEDFAVYYCQQSWSWPTTFGGGTKVEIK,-50,50
lintuzumab,QVQLVQSGAEVKKPGSSVKVSCKASGYTFTDYNMHWVRQAPGQGLEWIGYIYPYNGGTGYNQKFKSKATITADESTNTAYMELSSLRSEDTAVYYCARGRPAMDYWGQGTLVTVSS,DIQMTQSPSSLSASVGDRVTITCRASESVDNYGISFMNWFQQKPGKAPKLLIYAASNQGSGVPSRFSGSGSGTDFTLTISSLQPDDFATYYCQQSKEVPWTFGQGTKVEIK,-47,47
lirilumab,QVQLVQSGAEVKKPGSSVKVSCKASGGTFSFYAISWVRQAPGQGLEWMGGFIPIFGAANYAQKFQGRVTITADESTSTAYMELSSLRSDDTAVYYCARIPSGSYYYDYDMDVWGQGTTVTVSS,EIVLTQSPVTLSLSPGERATLSCRASQSVSSYLAWYQQKPGQAPRLLIYDASNRATGIPARFSGSGSGTDFTLTISSLEPEDFAVYYCQQRSNWMYTFGQGTKLEIK,-50,50
loncastuximab,QVQLVQPGAEVVKPGASVKLSCKTSGYTFTSNWMHWVKQAPGQGLEWIGEIDPSDSYTNYNQNFQGKAKLTVDKSTSTAYMEVSSLRSDDTAVYYCARGSNPYYYAMDYWGQGTSVTVSS,EIVLTQSPAIMSASPGERVTMTCSASSGVNYMHWYQQKPGTSPRRWIYDTSKLASGVPARFSGSGSGTSYSLTISSMEPEDAATYYCHQRGSYTFGGGTKLEIK,-44,44
lorvotuzumab,QVQLVESGGGVVQPGRSLRLSCAASGFTFSSFGMHWVRQAPGKGLEWVAYISSGSFTIYYADSVKGRFTISRDNSKNTLYLQMNSLRAEDTAVYYCARMRKGYAMDYWGQGTLVTVSS,DVVMTQSPLSLPVTLGQPASISCRSSQIIIHSDGNTYLEWFQQRPGQSPRRLIYKVSNRFSGVPDRFSGSGSGTDFTLKISRVEAEDVGVYYCFQGSHVPHTFGQGTKVEIK,-50,50
lucatumumab,QVQLVESGGGVVQPGRSLRLSCAASGFTFSSYGMHWVRQAPGKGLEWVAVISYEESNRYHADSVKGRFTISRDNSKITLYLQMNSLRTEDTAVYYCARDGGIAAPGPDYWGQGTLVTVSS,DIVMTQSPLSLTVTPGEPASISCRSSQSLLYSNGYNYLDWYLQKPGQSPQVLISLGSNRASGVPDRFSGSGSGTDFTLKISRVEAEDVGVYYCMQARQTPFTFGPGTKVDIR,-52,52
lumiliximab,EVQLVESGGGLAKPGGSLRLSCAASGFRFTFNNYYMDWVRQAPGQGLEWVSRISSSGDPTWYADSVKGRFTISRENANNTLFLQMNSLRAEDTAVYYCASLTTGSDSWGQGVLVTVSS,DIQMTQSPSSLSASVGDRVTITCRASQDIRYYLNWYQQKPGKAPKLLIYVASSLQSGVPSRFSGSGSGTEFTLTVSSLQPEDFATYYCLQVYSTPRTFGQGTKVEIK,-45,45
lumretuzumab,QVQLVQSGAEVKKPGASVKVSCKASGYTFRSSYISWVRQAPGQGLEWMGWIYAGTGSPSYNQKLQGRVTMTTDTSTSTAYMELRSLRSDDTAVYYCARHRDYYSNSLTYWGQGTLVTVSS,DIVMTQSPDSLAVSLGERATINCKSSQSVLNSGNQKNYLTWYQQKPGQPPKLLIYWASTRESGVPDRFSGSGSGTDFTLTISSLQAEDVAVYYCQSDYSYPYTFGQGTKLEIK,-53,53
margetuximab,QVQLQQSGPELVKPGASLKLSCTASGFNIKDTYIHWVKQRPEQGLEWIGRIYPTNGYTRYDPKFQDKATITADTSSNTAYLQVSRLTSEDTAVYYCSRWGGDGFYAMDYWGQGASVTVSS,DIVMTQSHKFMSTSVGDRVSITCKASQDVNTAVAWYQQKPGHSPKLLIYSASFRYTGVPDRFTGSRSGTDFTFTISSVQAEDLAVYYCQQHYTTPPTFGGGTKVEIK,-47,47
matuzumab,QVQLVQSGAEVKKPGASVKVSCKASGYTFTSHWMHWVRQAPGQGLEWIGEFNPSNGRTNYNEKFKSKATMTVDTSTNTAYMELSSLRSEDTAVYYCASRDYDYDGRYFDYWGQGTLVTVSS,DIQMTQSPSSLSASVGDRVTITCSASSSVTYMYWYQQKPGKAPKLLIYDTSNLASGVPSRFSGSGSGTDYTFTISSLQPEDIATYYCQQWSSHIFTFGQGTKVEIK,-47,47
mavrilimumab,QVQLVQSGAEVKKPGASVKVSCKVSGYTLTELSIHWVRQAPGKGLEWMGGFDPEENEIVYAQRFQGRVTMTEDTSTDTAYMELSSLRSEDTAVYYCAIVGSFSPLTLGLWGQGTMVTVSS,QSVLTQPPSVSGAPGQRVTISCTGSGSNIGAPYDVSWYQQLPGTAPKLLIYHNNKRPSGVPDRFSGSKSGTSASLAITGLQAEDEADYYCATVEAGLSGSVFGGGTKLTVL,-52,52
mepolizumab,QVTLRESGPALVKPTQTLTLTCTVSGFSLTSYSVHWVRQPPGKGLEWLGVIWASGGTDYNSALMSRLSISKDTSRNQVVLTMTNMDPVDTATYYCARDPPSSLLRLDYWGRGTPVTVSS,DIVMTQSPDSLAVSLGERATINCKSSQSLLNSGNQKNYLAWYQQKPGQPPKLLIYGASTRESGVPDRFSGSGSGTDFTLTISSLQAEDVAVYYCQNVHSFPFTFGGGTKLEIK,-52,52
milatuzumab,QVQLQQSGSELKKPGASVKVSCKASGYTFTNYGVNWIKQAPGQGLQWMGWINPNTGEPTFDDDFKGRFAFSLDTSVSTAYLQISSLKADDTAVYFCSRSRGKNEAWFAYWGQGTLVTVSS,DIQLTQSPLSLPVTLGQPASISCRSSQSLVHRNGNTYLHWFQQRPGQSPRLLIYTVSNRFSGVPDRFSGSGSGTDFTLKISRVEAEDVGVYFCSQSSHVPPTFGAGTRLEIK,-52,52
mirikizumab,QVQLVQSGAEVKKPGSSVKVSCKASGYKFTRYVMHWVRQAPGQGLEWMGYINPYNDGTNYNEKFKGRVTITADKSTSTAYMELSSLRSEDTAVYYCARNWDTGLWGQGTTVTVSS,DIQMTQSPSSLSASVGDRVTITCKASDHILKFLTWYQQKPGKAPKLLIYGATSLETGVPSRFSGSGSGTDFTLTISSLQPEDFATYYCQMYWSTPFTFGGGTKVEIK,-42,42
mirvetuximab,QVQLVQSGAEVVKPGASVKISCKASGYTFTGYFMNWVKQSPGQSLEWIGRIHPYDGDTFYNQKFQGKATLTVDKSSNTAHMELLSLTSEDFAVYYCTRYDGSRAMDYWGQGTTVTVSS,DIVLTQSPLSLAVSLGQPAIISCKASQSVSFAGTSLMHWYHQKPGQQPRLLIYRASNLEAGVPDRFSGSGSKTDFTLTISPVEAEDAATYYCQQSREYPYTFGGGTKLEIK,-49,49
mitazalimab,EVQLLESGGGLVQPGGSLRLSCAASGFTFSTYGMHWVRQAPGKGLEWLSYISGGSSYIFYADSVRGRFTISRDNSENALYLQMNSLRAEDTAVYYCARILRGGSGMDLWGQGTLVTVSS,QSVLTQPPSASGTPGQRVTISCTGSSSNIGAGYNVYWYQQLPGTAPKLLIYGNINRPSGVPDRFSGSKSGTSASLAISGLRSEDEADYYCAAWDKSISGLVFGGGTKLTVL,-51,51
mogamulizumab,EVQLVESGGDLVQPGRSLRLSCAASGFIFSNYGMSWVRQAPGKGLEWVATISSASTYSYYPDSVKGRFTISRDNAKNSLYLQMNSLRVEDTALYYCGRHSDGNFAFGYWGQGTLVTVSS,DVLMTQSPLSLPVTPGEPASISCRSSRNIVHINGDTYLEWYLQKPGQSPQLLIYKVSNRFSGVPDRFSGSGSGTDFTLKISRVEAEDVGVYYCFQGSLLPWTFGQGTKVEIK,-51,51
monalizumab,QVQLVQSGAEVKKPGASVKVSCKASGYTFTSYWMNWVRQAPGQGLEWMGRIDPYDSETHYAQKLQGRVTMTTDTSTSTAYMELRSLRSDDTAVYYCARGGYDFDVGTLYWFFDVWGQGTTVTVSS,DIQMTQSPSSLSASVGDRVTITCRASENIYSYLAWYQQKPGKAPKLLIYNAKTLAEGVPSRFSGSGSGTDFTLTISSLQPEDFATYYCQHHYGTPRTFGGGTKVEIK,-52,52
mosunetuzumab,EVQLVQSGAEVKKPGASVKVSCKASGYTFTNYYIHWVRQAPGQGLEWIGWIYPGDGNTKYNEKFKGRATLTADTSTSTAYLELSSLRSEDTAVYYCARDSYSNYYFDYWGQGTLVTVSS,DIVMTQSPDSLAVSLGERATINCKSSQSLLNSRTRKNYLAWYQQKPGQPPKLLIYWASTRESGVPDRFSGSGSGTDFTLTISSLQAEDVAVYYCTQSFILRTFGQGTKVEIK,-51,51
motavizumab,QVTLRESGPALVKPTQTLTLTCTFSGFSLSTAGMSVGWIRQPPGKALEWLADIWWDDKKHYNPSLKDRLTISKDTSKNQVVLKVTNMDPADTATYYCARDMIFNFYFDVWGQGTTVTVSS,DIQMTQSPSTLSASVGDRVTITCSASSRVGYMHWYQQKPGKAPKLLIYDTSKLASGVPSRFSGSGSGTEFTLTISSLQPDDFATYYCFQGSGYPFTFGGGTKVEIK,-46,46
muromonab,QVQLQQSGAELARPGASVKMSCKASGYTFTRYTMHWVKQRPGQGLEWIGYINPSRGYTNYNQKFKDKATLTTDKSSSTAYMQLSSLTSEDSAVYYCARYYDDHYCLDYWGQGTTLTVSS,QIVLTQSPAIMSASPGEKVTMTCSASSSVSYMNWYQQKSGTSPKRWIYDTSKLASGVPAHFRGSGSGTSYSLTISGMEAEDAATYYCQQWSSNPFTFGSGTKLEIK,-45,45
natalizumab,QVQLVQSGAEVKKPGASVKVSCKASGFNIKDTYIHWVRQAPGQRLEWMGRIDPANGYTKYDPKFQGRVTITADTSASTAYMELSSLRSEDTAVYYCAREGYYGNYGVYAMDYWGQGTLVTVSS,DIQMTQSPSSLSASVGDRVTITCKTSQDINKYMAWYQQTPGKAPRLLIHYTSALQPGIPSRFSGSGSGRDYTFTISSLQPEDIATYYCLQYDNLWTFGQGTKVEIK,-49,49
necitumumab,QVQLQESGPGLVKPSQTLSLTCTVSGGSISSGDYYWSWIRQPPGKGLEWIGYIYYSGSTDYNPSLKSRVTMSVDTSKNQFSLKVNSVTAADTAVYYCARVSIFGVGTFDYWGQGTLVTVSS,EIVMTQSPATLSLSPGERATLSCRASQSVSSYLAWYQQKPGQAPRLLIYDASNRATGIPARFSGSGSGTDFTLTISSLEPEDFAVYYCHQYGSTPLTFGGGTKAEIK,-48,48
nesvacumab,EVQLVESGGGLVQPGGSLRLSCAASGFTFSSYDIHWVRQATGKGLEWVSAIGPAGDTYYPGSVKGRFTISRENAKNSLYLQMNSLRAGDTAVYYCARGLITFGGLIAPFDYWGQGTLVTVSS,EIVLTQSPGTLSLSPGERATLSCRASQSVSSTYLAWYQQKPGQAPRLLIYGASSRATGIPDRFSGSGSGTDFTLTISRLEPEDFAVYYCQHYDNSQTFGQGTKVEIK,-49,49
nimotuzumab,QVQLQQSGAEVKKPGSSVKVSCKASGYTFTNYYIYWVRQAPGQGLEWIGGINPTSGGSNFNEKFKTRVTITADESSTTAYMELSSLRSEDTAFYFCTRQGLWFDSDGRGFDFWGQGTTVTVSS,DIQMTQSPSSLSASVGDRVTITCRSSQNIVHSNGNTYLDWYQQTPGKAPKLLIYKVSNRFSGVPSRFSGSGSGTDFTFTISSLQPEDIATYYCFQYSHVPWTFGQGTKLQIT,-55,55
nivolumab,QVQLVESGGGVVQPGRSLRLDCKASGITFSNSGMHWVRQAPGKGLEWVAVIWYDGSKRYYADSVKGRFTISRDNSKNTLFLQMNSLRAEDTAVYYCATNDDYWGQGTLVTVSS,EIVLTQSPATLSLSPGERATLSCRASQSVSSYLAWYQQKPGQAPRLLIYDASNRATGIPARFSGSGSGTDFTLTISSLEPEDFAVYYCQQSSNWPRTFGQGTKVEIK,-40,40
obexelimab,EVQLVESGGGLVKPGGSLKLSCAASGYTFTSYVMHWVRQAPGKGLEWIGYINPYNDGTKYNEKFQGRVTISSDKSISTAYMELSSLRSEDTAMYYCARGTYYYGTRVFDYWGQGTLVTVSS,DIVMTQSPATLSLSPGERATLSCRSSKSLQNVNGNTYLYWFQQKPGQSPQLLIYRMSNLNSGVPDRFSGSGSGTEFTLTISSLEPEDFAVYYCMQHLEYPITFGAGTKLEIK,-53,53
obiltoxaximab,QVQLQQSGPELKKPGASVKVSCKDSGYAFSSSWMNWVRQAPGQGLEWIGRIYPGDGDTNYNGKFQGRVTITADKSSSTAYMELSSLRSEDTAVYFCARSGLLRYAMDYWGQGTLVTVSS,DIQMTQSPSSLSASVGDRVTITCRASQDIRNYLNWYQQKPGKAVKLLIYYTSRLLPGVPSRFSGSGSGTDYSLTISSQEQEDIGTYFCQQGNTLPWTFGQGTKVEIR,-46,46
obinutuzumab,QVQLVQSGAEVKKPGSSVKVSCKASGYAFSYSWINWVRQAPGQGLEWMGRIFPGDGDTDYNGKFKGRVTITADKSTSTAYMELSSLRSEDTAVYYCARNVFDGYWLVYWGQGTLVTVSS,DIVMTQTPLSLPVTPGEPASISCRSSKSLLHSNGITYLYWYLQKPGQSPQLLIYQMSNLVSGVPDRFSGSGSGTDFTLKISRVEAEDVGVYYCAQNLELPYTFGGGTKVEIK,-51,51
ocrelizumab,EVQLVESGGGLVQPGGSLRLSCAASGYTFTSYNMHWVRQAPGKGLEWVGAIYPGNGDTSYNQKFKGRFTISVDKSKNTLYLQMNSLRAEDTAVYYCARVVYYSNSYWYFDVWGQGTLVTVSS,DIQMTQSPSSLSASVGDRVTITCRASSSVSYMHWYQQKPGKAPKPLIYAPSNLASGVPSRFSGSGSGTDFTLTISSLQPEDFATYYCQQWSFNPPTFGQGTKVEIK,-48,48
ofatumumab,EVQLVESGGGLVQPGRSLRLSCAASGFTFNDYAMHWVRQAPGKGLEWVSTISWNSGSIGYADSVKGRFTISRDNAKKSLYLQMNSLRAEDTALYYCAKDIQYGNYYYGMDVWGQGTTVTVSS,EIVLTQSPATLSLSPGERATLSCRASQSVSSYLAWYQQKPGQAPRLLIYDASNRATGIPARFSGSGSGTDFTLTISSLEPEDFAVYYCQQRSNWPITFGQGTRLEIK,-49,49
olaratumab,QLQLQESGPGLVKPSETLSLTCTVSGGSINSSSYYWGWLRQSPGKGLEWIGSFFYTGSTYYNPSLRSRLTISVDTSKNQFSLMLSSVTAADTAVYYCARQSTYYYGSGNYYGWFDRWDQGTLVTVSS,EIVLTQSPATLSLSPGERATLSCRASQSVSSYLAWYQQKPGQAPRLLIYDASNRATGIPARFSGSGSGTDFTLTISSLEPEDFAVYYCQQRSNWPPAFGQGTKVEIK,-54,54
oleclumab,EVQLLESGGGLVQPGGSLRLSCAASGFTFSSYAYSWVRQAPGKGLEWVSAISGSGGRTYYADSVKGRFTISRDNSKNTLYLQMNSLRAEDTAVYYCARLGYGRVDEWGRGTLVTVSS,QSVLTQPPSASGTPGQRVTISCSGSLSNIGRNPVNWYQQLPGTAPKLLIYLDNLRLSGVPDRFSGSKSGTSASLAISGLQSEDEADYYCATWDDSHPGWTFGGGTKLTVL,-48,48
olokizumab,EVQLVESGGGLVQPGGSLRLSCAASGFNFNDYFMNWVRQAPGKGLEWVAQMRNKNYQYGTYYAESLEGRFTISRDDSKNSLYLQMNSLKTEDTAVYYCARESYYGFTSYWGQGTLVTVSS,DIQMTQSPSSLSASVGDRVTITCQASQDIGISLSWYQQKPGKAPKLLIYNANNLADGVPSRFSGSGSGTDFTLTISSLQPEDFATYYCLQHNSAPYTFGQGTKLEIK,-47,47
omalizumab,EVQLVESGGGLVQPGGSLRLSCAVSGYSITSGYSWNWIRQAPGKGLEWVASITYDGSTNYNPSLKGRITISRDDSKNTFYLQMNSLRAEDTAVYYCARGSHYFGHWHFAVWGQGTLVTVSS,DIQLTQSPSSLSASVGDRVTITCRASQSVDYDGDSYMNWYQQKPGKAPKLLIYAASYLESGVPSRFSGSGSGTDFTLTISSLQPEDFATYYCQQSHEDPYTFGQGTKVEIK,-52,52
omburtamab,QVQLQQSGAELVKPGASVKLSCKASGYTFTNYDINWVRQRPEQGLEWIGWIFPGDGSTQYNEKFKGKATLTTDTSSSTAYMQLSRLTSEDSAVYFCARQTTATWFAYWGQGTLVTVSA,DIVMTQSPATLSVTPGDRVSLSCRASQSISDYLHWYQQKSHESPRLLIKYASQSISGIPSRFSGSGSGSDFTLSINSVEPEDVGVYYCQNGHSFPLTFGAGTKLELK,-45,45
onartuzumab,EVQLVESGGGLVQPGGSLRLSCAASGYTFTSYWLHWVRQAPGKGLEWVGMIDPSNSDTRFNPNFKDRFTISADTSKNTAYLQMNSLRAEDTAVYYCATYRSYVTPLDYWGQGTLVTVSS,DIQMTQSPSSLSASVGDRVTITCKSSQSLLYTSSQKNYLAWYQQKPGKAPKLLIYWASTRESGVPSRFSGSGSGTDFTLTISSLQPEDFATYYCQQYYAYPWTFGQGTKVEIK,-52,52
opicinumab,EVQLLESGGGLVQPGGSLRLSCAASGFTFSAYEMKWVRQAPGKGLEWVSVIGPSGGFTFYADSVKGRFTISRDNSKNTLYLQMNSLRAEDTAVYYCATEGDNDAFDIWGQGTTVTVSS,DIQMTQSPATLSLSPGERATLSCRASQSVSSYLAWYQQKPGQAPRLLIYDASNRATGIPARFSGSGSGTDFTLTISSLEPEDFAVYYCQQRSNWPMYTFGQGTKLEIK,-46,46
orticumab,EVQLLESGGGLVQPGGSLRLSCAASGFTFSNAWMSWVRQAPGKGLEWVSSISVGGHRTYYADSVKGRSTISRDNSKNTLYLQMNSLRAEDTAVYYCARIRVGPSGGAFDYWGQGTLVTVSS,QSVLTQPPSASGTPGQRVTISCSGSNTNIGKNYVSWYQQLPGTAPKLLIYANSNRPSGVPDRFSGSKSGTSASLAISGLRSEDEADYYCASWDASLNGWVFGGGTKLTVL,-52,52
osocimab,EVQLLESGGGLVQPGGSLRLSCAASGFTFSQYGMDWVRQAPGKGLEWVSGIGPSGGSTVYADSVKGRFTISRDNSKNTLYLQMNSLRAEDTAVYYCTRGGPYYYYGMDVWGQGTTVTVSS,DIQMTQSPSSLSASVGDRVTITCQASQDISNYLNWYQQKPGKAPKLLIYDASNLETGVPSRFSGSGSGTDFTFTISSLQPEDIATYYCQQADSFPVTFGGGTKVEIK,-47,47
otelixizumab,EVQLLESGGGLVQPGGSLRLSCAASGFTFSSFPMAWVRQAPGKGLEWVSTISTSGGRTYYRDSVKGRFTISRDNSKNTLYLQMNSLRAEDTAVYYCAKFRQYSGGFDYWGQGTLVTVSS,DIQLTQPNSVSTSLGSTVKLSCTLSSGNIENNYVHWYQLYEGRSPTTMIYDDDKRPDGVPDRFSGSIDRSSNSAFLTIHNVAIEDEAIYFCHSYVSSFNVFGGGTKLTVL,-48,48
otlertuzumab,EVQLVQSGAEVKKPGESLKISCKGSGYSFTGYNMNWVRQMPGKGLEWMGNIDPYYGGTTYNRKFKGQVTISADKSISTAYLQWSSLKASDTAMYYCARSVGPFDSWGQGTLVTVSS,EIVLTQSPATLSLSPGERATLSCRASENVYSYLAWYQQKPGQAPRLLIYFAKTLAEGIPARFSGSGSGTDFTLTISSLEPEDFAVYYCQHHSDNPWTFGQGTKVEIK,-43,43
ozanezumab,QVQLVQSGAEVKKPGASVKVSCKASGYTFTSYWMHWVRQAPGQGLEWIGNINPSNGGTNYNEKFKSKATMTRDTSTSTAYMELSSLRSEDTAVYYCELMQGYWGQGTLVTVSS,DIVMTQSPLSNPVTLGQPVSISCRSSKSLLYKDGKTYLNWFLQRPGQSPQLLIYLMSTRASGVPDRFSGGGSGTDFTLKISRVEAEDVGVYYCQQLVEYPLTFGQGTKLEIK,-45,45
palivizumab,QVTLRESGPALVKPTQTLTLTCTFSGFSLSTSGMSVGWIRQPPGKALEWLADIWWDDKKDYNPSLKSRLTISKDTSKNQVVLKVTNMDPADTATYYCARSMITNWYFDVWGAGTTVTVSS,DIQMTQSPSTLSASVGDRVTITCKCQLSVGYMHWYQQKPGKAPKLLIYDTSKLASGVPSRFSGSGSGTEFTLTISSLQPDDFATYYCFQGSGYPFTFGGGTKLEIK,-46,46
pamrevlumab,EGQLVQSGGGLVHPGGSLRLSCAGSGFTFSSYGMHWVRQAPGKGLEWVSGIGTGGGTYSTDSVKGRFTISRDNAKNSLYLQMNSLRAEDMAVYYCARGDYYGSGSFFDCWGQGTLVTVSS,DIQMTQSPSSLSASVGDRVTITCRASQGISSWLAWYQQKPEKAPKSLIYAASSLQSGVPSRFSGSGSGTDFTLTISSLQPEDFATYYCQQYNSYPPTFGQGTKLEIK,-47,47
panitumumab,QVQLQESGPGLVKPSETLSLTCTVSGGSVSSGDYYWTWIRQSPGKGLEWIGHIYYSGNTNYNPSLKSRLTISIDTSKTQFSLKLSSVTAADTAIYYCVRDRVTGAFDIWGQGTMVTVSS,DIQMTQSPSSLSASVGDRVTITCQASQDISNYLNWYQQKPGKAPKLLIYDASNLETGVPSRFSGSGSGTDFTFTISSLQPEDIATYFCQHFDHLPLAFGGGTKVEIK,-46,46
panobacumab,EEQVVESGGGFVQPGGSLRLSCAASGFTFSPYWMHWVRQAPGKGLVWVSRINSDGSTYYADSVKGRFTISRDNARNTLYLQMNSLRAEDTAVYYCARDRYYGPEMWGQGTMVTVSS,DVVMTQSPLSLPVTLGQPASISCRSSQSLVYSDGNTYLNWFQQRPGQSPRRLIYKVSNRDSGVPDRFSGSGSGTDFTLKISRVEAEDVGVYYCMQGTHWPLTFGGGTKVEIK,-48,48
parsatuzumab,EVQLVESGGGLVQPGGSLRLSCAASGYTFIDYYMNWVRQAPGKGLEWVGDINLDNSGTHYNQKFKGRFTISRDKSKNTAYLQMNSLRAEDTAVYYCAREGVYHDYDDYAMDYWGQGTLVTVSS,DIQMTQSPSSLSASVGDRVTITCRTSQSLVHINAITYLHWYQQKPGKAPKLLIYRVSNRFSGVPSRFSGSGSGTDFTLTISSLQPEDFATYYCGQSTHVPLTFGQGTKVEIK,-55,55
patritumab,QVQLQQWGAGLLKPSETLSLTCAVYGGSFSGYYWSWIRQPPGKGLEWIGEINHSGSTNYNPSLKSRVTISVETSKNQFSLKLSSVTAADTAVYYCARDKWTWYFDLWGRGTLVTVSS,DIEMTQSPDSLAVSLGERATINCRSSQSVLYSSSNRNYLAWYQQNPGQPPKLLIYWASTRESGVPDRFSGSGSGTDFTLTISSLQAEDVAVYYCQQYYSTPRTFGQGTKVEIK,-50,50
pembrolizumab,QVQLVQSGVEVKKPGASVKVSCKASGYTFTNYYMYWVRQAPGQGLEWMGGINPSNGGTNFNEKFKNRVTLTTDSSTTTAYMELKSLQFDDTAVYYCARRDYRFDMGFDYWGQGTTVTVSS,EIVLTQSPATLSLSPGERATLSCRASKGVSTSGYSYLHWYQQKPGQAPRLLIYLASYLESGVPARFSGSGSGTDFTLTISSLEPEDFAVYYCQHSRDLPLTFGGGTKVEIK,-51,51
pertuzumab,EVQLVESGGGLVQPGGSLRLSCAASGFTFTDYTMDWVRQAPGKGLEWVADVNPNSGGSIYNQRFKGRFTLSVDRSKNTLYLQMNSLRAEDTAVYYCARNLGPSFYFDYWGQGTLVTVSS,DIQMTQSPSSLSASVGDRVTITCKASQDVSIGVAWYQQKPGKAPKLLIYSASYRYTGVPSRFSGSGSGTDFTLTISSLQPEDFATYYCQQYYIYPYTFGQGTKVEIK,-46,46
pidilizumab,QVQLVQSGSELKKPGASVKISCKASGYTFTNYGMNWVRQAPGQGLQWMGWINTDSGESTYAEEFKGRFVFSLDTSVNTAYLQITSLTAEDTGMYFCVRVGYDALDYWGQGTLVTVSS,EIVLTQSPSSLSASVGDRVTITCSARSSVSYMHWFQQKPGKAPKLWIYRTSNLASGVPSRFSGSGSGTSYCLTINSLQPEDFATYYCQQRSSFPLTFGGGTKLEIK,-43,43
pinatuzumab,EVQLVESGGGLVQPGGSLRLSCAASGYEFSRSWMNWVRQAPGKGLEWVGRIYPGDGDTNYSGKFKGRFTISADTSKNTAYLQMNSLRAEDTAVYYCARDGSSWDWYFDVWGQGTLVTVSS,DIQMTQSPSSLSASVGDRVTITCRSSQSIVHSVGNTFLEWYQQKPGKAPKLLIYKVSNRFSGVPSRFSGSGSGTDFTLTISSLQPEDFATYYCFQGSQFPYTFGQGTKVEIK,-52,52
plozalizumab,EVQLVESGGGLVKPGGSLRLSCAASGFTFSAYAMNWVRQAPGKGLEWVGRIRTKNNNYATYYADSVKDRFTISRDDSKNTLYLQMNSLKTEDTAVYYCTTFYGNGVWGQGTLVTVSS,DVVMTQSPLSLPVTLGQPASISCKSSQSLLDSDGKTFLNWFQQRPGQSPRRLIYLVSKLDSGVPDRFSGSGSGTDFTLKISRVEAEDVGVYYCWQGTHFPYTFGQGTRLEIK,-49,49
polatuzumab,EVQLVESGGGLVQPGGSLRLSCAASGYTFSSYWIEWVRQAPGKGLEWIGEILPGGGDTNYNEIFKGRATFSADTSKNTAYLQMNSLRAEDTAVYYCTRRVPIRLDYWGQGTLVTVSS,DIQLTQSPSSLSASVGDRVTITCKASQSVDYEGDSFLNWYQQKPGKAPKLLIYAASNLESGVPSRFSGSGSGTDFTLTISSLQPEDFATYYCQQSNEDPLTFGQGTKVEIK,-48,48
ponezumab,QVQLVQSGAEVKKPGASVKVSCKASGYYTEAYYIHWVRQAPGQGLEWMGRIDPATGNTKYAPRLQDRVTMTRDTSTSTVYMELSSLRSEDTAVYYCASLYSLPVYWGQGTTVTVSS,DVVMTQSPLSLPVTLGQPASISCKSSQSLLYSDAKTYLNWFQQRPGQSPRRLIYQISRLDPGVPDRFSGSGSGTDFTLKISRVEAEDVGVYYCLQGTHYPVLFGQGTRLEIK,-48,48
prasinezumab,EVQLVESGGGLVQPGGSLRLSCAASGFTFSNYGMSWVRQAPGKGLEWVASISSGGGSTYYPDNVKGRFTISRDDAKNSLYLQMNSLRAEDTAVYYCARGGAGIDYWGQGTLVTVSS,DIQMTQSPSSLSASVGDRVTITCKSIQTLLYSSNQKNYLAWFQQKPGKAPKLLIYWASIRKSGVPSRFSGSGSGTDFTLTISSLQPEDLATYYCQQYYSYPLTFGGGTKLEIK,-49,49
prezalumab,EVQLVESGGGLVQPGGSLRLSCAASGFTFSSYWMSWVRQAPGKGLEWVAYIKQDGNEKYYVDSVKGRFTISRDNAKNSLYLQMNSLRAEDTAVYYCAREGILWFGDLPTFWGQGTLVTVSS,DIQMTQSPSSLSASVGDRVTITCRASQGISNWLAWYQQKPEKAPKSLIYAASSLQSGVPSRFSGSGSGTDFTLTISSLQPEDFATYYCQQYDSYPRTFGQGTKVEIK,-48,48
prolgolimab,QVQLVQSGGGLVQPGGSLRLSCAASGFTFSSYWMYWVRQVPGKGLEWVSAIDTGGGRTYYADSVKGRFAISRVNAKNTMYLQMNSLRAEDTAVYYCARDEGGGTGWGVLKDWPYGLDAWGQGTLVTVSS,QPVLTQPLSVSVALGQTARITCGGNNIGSKNVHWYQQKPGQAPVLVIYRDSNRPSGIPERFSGSNSGNTATLTISRAQAGDEADYYCQVWDSSTAVFGTGTKLTVL,-56,56
quilizumab,EVQLVESGGGLVQPGGSLRLSCAASGFTFSDYGIAWVRQAPGKGLEWVAFISDLAYTIYYADTVTGRFTISRDNSKNTLYLQMNSLRAEDTAVYYCARDNWDAMDYWGQGTLVTVSS,DIQMTQSPSSLSASVGDRVTITCRSSQSLVHNNANTYLHWYQQKPGKAPKLLIYKVSNRFSGVPSRFSGSGSGTDFTLTISSLQPEDFATYYCSQNTLVPWTFGQGTKVEIK,-49,49
racotumomab,QVQLQQSGAELVKPGASVKLSCKASGYTFTSYDINWVRQRPEQGLEWIGWIFPGDGSTKYNEKFKGKATLTTDKSSSTAYMQLSRLTSEDSAVYFCAREDYYDNSYYFDYWGQGTTLTVSS,DIQMTQTTSSLSASLGDRVTISCRASQDISNYLNWYQQKPDGTVKLLIYYTSRLHSGVPSRFSGSGSGTDYSLTISNLEQEDIATYFCQQGNTLPWTFGGGTKLEIK,-48,48
radretumab,EVQLLESGGGLVQPGGSLRLSCAASGFTFSSFSMSWVRQAPGKGLEWVSSISGSSGTTYYADSVKGRFTISRDNSKNTLYLQMNSLRAEDTAVYYCAKPFPYFDYWGQGTLVTVSS,EIVLTQSPGTLSLSPGERATLSCRASQSVSSSFLAWYQQKPGQAPRLLIYYASSRATGIPDRFSGSGSGTDFTLTISRLEPEDFAVYYCQQTGRIPPTFGQGTKVEIK,-44,44
ramucirumab,EVQLVQSGGGLVKPGGSLRLSCAASGFTFSSYSMNWVRQAPGKGLEWVSSISSSSSYIYYADSVKGRFTISRDNAKNSLYLQMNSLRAEDTAVYYCARVTDAFDIWGQGTMVTVSS,DIQMTQSPSSVSASIGDRVTITCRASQGIDNWLGWYQQKPGKAPKLLIYDASNLDTGVPSRFSGSGSGTYFTLTISSLQAEDFAVYFCQQAKAFPPTFGGGTKVDIK,-43,43
ranibizumab,EVQLVESGGGLVQPGGSLRLSCAASGYDFTHYGMNWVRQAPGKGLEWVGWINTYTGEPTYAADFKRRFTFSLDTSKSTAYLQMNSLRAEDTAVYYCAKYPYYYGTSHWYFDVWGQGTLVTVSS,DIQLTQSPSSLSASVGDRVTITCSASQDISNYLNWYQQKPGKAPKVLIYFTSSLHSGVPSRFSGSGSGTDFTLTISSLQPEDFATYYCQQYSTVPWTFGQGTKVEIK,-50,50
relatlimab,QVQLQQWGAGLLKPSETLSLTCAVYGGSFSDYYWNWIRQPPGKGLEWIGEINHRGSTNSNPSLKSRVTLSLDTSKNQFSLKLRSVTAADTAVYYCAFGYSDYEYNWFDPWGQGTLVTVSS,EIVLTQSPATLSLSPGERATLSCRASQSISSYLAWYQQKPGQAPRLLIYDASNRATGIPARFSGSGSGTDFTLTISSLEPEDFAVYYCQQRSNWPLTFGQGTNLEIK,-47,47
reslizumab,EVQLVESGGGLVQPGGSLRLSCAVSGLSLTSNSVNWIRQAPGKGLEWVGLIWSNGDTDYNSAIKSRFTISRDTSKSTVYLQMNSLRAEDTAVYYCAREYYGYFDYWGQGTLVTVSS,DIQMTQSPSSLSASVGDRVTITCLASEGISSYLAWYQQKPGKAPKLLIYGANSLQTGVPSRFSGSGSATDYTLTISSLQPEDFATYYCQQSYKFPNTFGQGTKVEVK,-43,43
rilotumumab,QVQLQESGPGLVKPSETLSLTCTVSGGSISIYYWSWIRQPPGKGLEWIGYVYYSGSTNYNPSLKSRVTISVDTSKNQFSLKLNSVTAADTAVYYCARGGYDFWSGYFDYWGQGTLVTVSS,EIVMTQSPATLSVSPGERATLSCRASQSVDSNLAWYRQKPGQAPRLLIYGASTRATGIPARFSGSGSGTEFTLTISSLQSEDFAVYYCQQYINWPPITFGQGTRLEIK,-48,48
rinucumab,QLQLQESGPGLVKPSETLSLTCTVSGGSITSSSYYWGWIRQPPGKGLEWIGSIYYRGSTNYNPSLKSRVTISVDSSKNQFYLKVSSVTAVDTAVYYCARQNGAARPSWFDPWGQGTLVTVSS,EIVLTQSPDTISLSPGERATLSCRASQSISSIYLAWYQQKPGQAPRLLIYGASSRVTGIPDRFSVSGSGTDFTLTISRLEPEDFAVYYCQHYGISPFTFGPGTKVDIR,-50,50
risankizumab,QVQLVQSGAEVKKPGSSVKVSCKASGYTFTDQTIHWMRQAPGQGLEWIGYIYPRDDSPKYNENFKGKVTITADKSTSTAYMELSSLRSEDTAVYYCAIPDRSGYAWFIYWGQGTLVTVSS,DIQMTQSPSSLSASVGDRVTITCKASRDVAIAVAWYQQKPGKVPKLLIYWASTRHTGVPSRFSGSGSRTDFTLTISSLQPEDVADYFCHQYSSYPFTFGSGTKLEIK,-47,47
rituximab,QVQLQQPGAELVKPGASVKMSCKASGYTFTSYNMHWVKQTPGRGLEWIGAIYPGNGDTSYNQKFKGKATLTADKSSSTAYMQLSSLTSEDSAVYYCARSTYYGGDWYFNVWGAGTTVTVSA,QIVLSQSPAILSASPGEKVTMTCRASSSVSYIHWFQQKPGSSPKPWIYATSNLASGVPVRFSGSGSGTSYSLTISRVEAEDAATYYCQQWTSNPPTFGGGTKLEIK,-47,47
robatumumab,EVQLVQSGGGLVKPGGSLRLSCAASGFTFSSFAMHWVRQAPGKGLEWISVIDTRGATYYADSVKGRFTISRDNAKNSLYLQMNSLRAEDTAVYYCARLGNFYYGMDVWGQGTTVTVSS,EIVLTQSPGTLSVSPGERATLSCRASQSIGSSLHWYQQKPGQAPRLLIKYASQSLSGIPDRFSGSGSGTDFTLTISRLEPEDFAVYYCHQSSRLPHTFGQGTKVEIK,-45,45
romosozumab,EVQLVQSGAEVKKPGASVKVSCKASGYTFTDYNMHWVRQAPGQGLEWMGEINPNSGGAGYNQKFKGRVTMTTDTSTSTAYMELRSLRSDDTAVYYCARLGYDDIYDDWYFDVWGQGTTVTVSS,DIQMTQSPSSLSASVGDRVTITCRASQDISNYLNWYQQKPGKAPKLLIYYTSRLLSGVPSRFSGSGSGTDFTLTISSLQPEDFATYYCQQGDTLPYTFGGGTKVEIK,-50,50
rontalizumab,EVQLVESGGGLVQPGGSLRLSCATSGYTFTEYIIHWVRQAPGKGLEWVASINPDYDITNYNQRFKGRFTISLDKSKRTAYLQMNSLRAEDTAVYYCASWISDFFDYWGQGTLVTVSS,DIQMTQSPSSLSASVGDRVTITCRASQSVSTSSYSYMHWYQQKPGKAPKVLISYASNLESGVPSRFSGSGSGTDFTLTISSLQPEDFATYYCQHSWGIPRTFGQGTKVEIK,-48,48
rovalpituzumab,QVQLVQSGAEVKKPGASVKVSCKASGYTFTNYGMNWVRQAPGQGLEWMGWINTYTGEPTYADDFKGRVTMTTDTSTSTAYMELRSLRSDDTAVYYCARIGDSSPSDYWGQGTLVTVSS,EIVMTQSPATLSVSPGERATLSCKASQSVSNDVVWYQQKPGQAPRLLIYYASNRYTGIPARFSGSGSGTEFTLTISSLQSEDFAVYYCQQDYTSPWTFGQGTKLEIK,-45,45
rozanolixizumab,EVPLVESGGGLVQPGGSLRLSCAVSGFTFSNYGMVWVRQAPGKGLEWVAYIDSDGDNTYYRDSVKGRFTISRDNAKSSLYLQMNSLRAEDTAVYYCTTGIVRPFLYWGQGTLVTVSS,DIQMTQSPSSLSASVGDRVTITCKSSQSLVGASGKTYLYWLFQKPGKAPKRLIYLVSTLDSGIPSRFSGSGSGTEFTLTISSLQPEDFATYYCLQGTHFPHTFGQGTKLEIK,-49,49
sarilumab,EVQLVESGGGLVQPGRSLRLSCAASRFTFDDYAMHWVRQAPGKGLEWVSGISWNSGRIGYADSVKGRFTISRDNAENSLFLQMNGLRAEDTALYYCAKGRDSFDIWGQGTMVTVSS,DIQMTQSPSSVSASVGDRVTITCRASQGISSWLAWYQQKPGKAPKLLIYGASSLESGVPSRFSGSGSGTDFTLTISSLQPEDFASYYCQQANSFPYTFGQGTKLEIK,-43,43
satralizumab,QVQLQESGPGLVKPSETLSLTCAVSGHSISHDHAWSWVRQPPGEGLEWIGFISYSGITNYNPSLQGRVTISRDNSKNTLYLQMNSLRAEDTAVYYCARSLARTTAMDYWGEGTLVTVSS,DIQMTQSPSSLSASVGDSVTITCQASTDISSHLNWYQQKPGKAPELLIYYGSHLLSGVPSRFSGSGSGTDFTFTISSLEAEDAATYYCGQGNRLPYTFGQGTKVEIE,-46,46
secukinumab,EVQLVESGGGLVQPGGSLRLSCAASGFTFSNYWMNWVRQAPGKGLEWVAAINQDGSEKYYVGSVKGRFTISRDNAKNSLYLQMNSLRVEDTAVYYCVRDYYDILTDYYIHYWYFDLWGRGTLVTVSS,EIVLTQSPGTLSLSPGERATLSCRASQSVSSSYLAWYQQKPGQAPRLLIYGASSRATGIPDRFSGSGSGTDFTLTISRLEPEDFAVYYCQQYGSSPCTFGQGTRLEIK,-55,55
selicrelumab,QVQLVQSGAEVKKPGASVKVSCKASGYTFTGYYMHWVRQAPGQGLEWMGWINPDSGGTNYAQKFQGRVTMTRDTSISTAYMELNRLRSDDTAVYYCARDQPLGYCTNGVCSYFDYWGQGTLVTVSS,DIQMTQSPSSVSASVGDRVTITCRASQGIYSWLAWYQQKPGKAPNLLIYTASTLQSGVPSRFSGSGSGTDFTLTISSLQPEDFATYYCQQANIFPLTFGGGTKVEIK,-53,53
seribantumab,EVQLLESGGGLVQPGGSLRLSCAASGFTFSHYVMAWVRQAPGKGLEWVSSISSSGGWTLYADSVKGRFTISRDNSKNTLYLQMNSLRAEDTAVYYCTRGLKMATIFDYWGQGTLVTVSS,QSALTQPASVSGSPGQSITISCTGTSSDVGSYNVVSWYQQHPGKAPKLIIYEVSQRPSGVSNRFSGSKSGNTASLTISGLQTEDEADYYCCSYAGSSIFVIFGGGTKVTVL,-51,51
setrusumab,QVQLVESGGGLVQPGGSLRLSCAASGFTFRSHWLSWVRQAPGKGLEWVSNINYDGSSTYYADSVKGRFTISRDNSKNTLYLQMNSLRAEDTAVYYCARDTYLHFDYWGQGTLVTVSS,DIALTQPASVSGSPGQSITISCTGTSSDVGDINDVSWYQQHPGKAPKLMIYDVNNRPSGVSNRFSGSKSGNTASLTISGLQAEDEADYYCQSYAGSYLSEVFGGGTKLTVL,-49,49
sifalimumab,QVQLVQSGAEVKKPGASVKVSCKASGYTFTSYSISWVRQAPGQGLEWMGWISVYNGNTNYAQKFQGRVTMTTDTSTSTAYLELRSLRSDDTAVYYCARDPIAAGYWGQGTLVTVSS,EIVLTQSPGTLSLSPGERATLSCRASQSVSSTYLAWYQQKPGQAPRLLIYGASSRATGIPDRFSGSGSGTDFTLTISRLEPEDFAVYYCQQYGSSPRTFGQGTKVEIK,-44,44
siltuximab,EVQLVESGGKLLKPGGSLKLSCAASGFTFSSFAMSWFRQSPEKRLEWVAEISSGGSYTYYPDTVTGRFTISRDNAKNTLYLEMSSLRSEDTAMYYCARGLWGYYALDYWGQGTSVTVSS,QIVLIQSPAIMSASPGEKVTMTCSASSSVSYMYWYQQKPGSSPRLLIYDTSNLASGVPVRFSGSGSGTSYSLTISRMEAEDAATYYCQQWSGYPYTFGGGTKLEIK,-45,45
simtuzumab,QVQLVQSGAEVKKPGASVKVSCKASGYAFTYYLIEWVRQAPGQGLEWIGVINPGSGGTNYNEKFKGRATITADKSTSTAYMELSSLRSEDTAVYFCARNWMNFDYWGQGTTVTVSS,DIVMTQTPLSLSVTPGQPASISCRSSKSLLHSNGNTYLYWFLQKPGQSPQFLIYRMSNLASGVPDRFSGSGSGTDFTLKISRVEAEDVGVYYCMQHLEYPYTFGGGTKVEIK,-48,48
sintilimab,QVQLVQSGAEVKKPGSSVKVSCKASGGTFSSYAISWVRQAPGQGLEWMGLIIPMFDTAGYAQKFQGRVAITVDESTSTAYMELSSLRSEDTAVYYCARAEHSSTGTFDYWGQGTLVTVSS,DIQMTQSPSSVSASVGDRVTITCRASQGISSWLAWYQQKPGKAPKLLISAASSLQSGVPSRFSGSGSGTDFTLTISSLQPEDFATYYCQQANHLPFTFGGGTKVEIK,-47,47
sirukumab,EVQLVESGGGLVQPGGSLRLSCAASGFTFSPFAMSWVRQAPGKGLEWVAKISPGGSWTYYSDTVTGRFTISRDNAKNSLYLQMNSLRAEDTAVYYCARQLWGYYALDIWGQGTTVTVSS,EIVLTQSPATLSLSPGERATLSCSASISVSYMYWYQQKPGQAPRLLIYDMSNLASGIPARFSGSGSGTDFTLTISSLEPEDFAVYYCMQWSGYPYTFGGGTKVEIK,-45,45
solanezumab,EVQLVESGGGLVQPGGSLRLSCAASGFTFSRYSMSWVRQAPGKGLELVAQINSVGNSTYYPDTVKGRFTISRDNAKNTLYLQMNSLRAEDTAVYYCASGDYWGQGTLVTVSS,DVVMTQSPLSLPVTLGQPASISCRSSQSLIYSDGNAYLHWFLQKPGQSPRLLIYKVSNRFSGVPDRFSGSGSGTDFTLKISRVEAEDVGVYYCSQSTHVPWTFGQGTKVEIK,-44,44
spartalizumab,EVQLVQSGAEVKKPGESLRISCKGSGYTFTTYWMHWVRQATGQGLEWMGNIYPGTGGSNFDEKFKNRVTITADKSTSTAYMELSSLRSEDTAVYYCTRWTTGTGAYWGQGTTVTVSS,EIVLTQSPATLSLSPGERATLSCKSSQSLLDSGNQKNFLTWYQQKPGQAPRLLIYWASTRESGVPSRFSGSGSGTDFTFTISSLEAEDAATYYCQNDYSYPYTFGQGTKVEIK,-50,50
sutimlimab,EVQLVESGGGLVKPGGSLRLSCAASGFTFSNYAMSWVRQAPGKGLEWVATISSGGSHTYYLDSVKGRFTISRDNSKNTLYLQMNSLRAEDTALYYCARLFTGYAMDYWGQGTLVTVSS,QIVLTQSPATLSLSPGERATMSCTASSSVSSSYLHWYQQKPGKAPKLWIYSTSNLASGVPSRFSGSGSGTDYTLTISSLQPEDFATYYCHQYYRLPPITFGQGTKLEIK,-47,47
tabalumab,QVQLQQWGAGLLKPSETLSLTCAVYGGSFSGYYWSWIRQPPGKGLEWIGEINHSGSTNYNPSLKSRVTISVDTSKNQFSLKLSSVTAADTAVYYCARGYYDILTGYYYYFDYWGQGTLVTVSS,EIVLTQSPATLSLSPGERATLSCRASQSVSRYLAWYQQKPGQAPRLLIYDASNRATGIPARFSGSGSGTDSTLTISSLEPEDFAVYYCQQRSNWPRTFGQGTKVEIK,-50,50
tanezumab,QVQLQESGPGLVKPSETLSLTCTVSGFSLIGYDLNWIRQPPGKGLEWIGIIWGDGTTDYNSAVKSRVTISKDTSKNQFSLKLSSVTAADTAVYYCARGGYWYATSYYFDYWGQGTLVTVSS,DIQMTQSPSSLSASVGDRVTITCRASQSISNNLNWYQQKPGKAPKLLIYYTSRFHSGVPSRFSGSGSGTDFTFTISSLQPEDIATYYCQQEHTLPYTFGQGTKLEIK,-48,48
tarextumab,EVQLVESGGGLVQPGGSLRLSCAASGFTFSSSGMSWVRQAPGKGLEWVSVIASSGSNTYYADSVKGRFTISRDNSKNTLYLQMNSLRAEDTAVYYCARSIFYTTWGQGTLVTVSS,DIVLTQSPATLSLSPGERATLSCRASQSVRSNYLAWYQQKPGQAPRLLIYGASSRATGVPARFSGSGSGTDFTLTISSLEPEDFAVYYCQQYSNFPITFGQGTKVEIK,-43,43
tavolimab,QVQLQESGPGLVKPSQTLSLTCAVYGGSFSSGYWNWIRKHPGKGLEYIGYISYNGITYHNPSLKSRITINRDTSKNQYSLQLNSVTPEDTAVYYCARYKYDYDGGHAMDYWGQGTLVTVSS,DIQMTQSPSSLSASVGDRVTITCRASQDISNYLNWYQQKPGKAPKLLIYYTSKLHSGVPSRFSGSGSGTDYTLTISSLQPEDFATYYCQQGSALPWTFGQGTKVEIK,-48,48
telisotuzumab,QVQLVQSGAEVKKPGASVKVSCKASGYIFTAYTMHWVRQAPGQGLEWMGWIKPNNGLANYAQKFQGRVTMTRDTSISTAYMELSRLRSDDTAVYYCARSEITTEFDYWGQGTLVTVSS,DIVMTQSPDSLAVSLGERATINCKSSESVDSYANSFLHWYQQKPGQPPKLLIYRASTRESGVPDRFSGSGSGTDFTLTISSLQAEDVAVYYCQQSKEDPLTFGGGTKVEIK,-49,49
teplizumab,QVQLVQSGGGVVQPGRSLRLSCKASGYTFTRYTMHWVRQAPGKGLEWIGYINPSRGYTNYNQKVKDRFTISRDNSKNTAFLQMDSLRPEDTGVYFCARYYDDHYCLDYWGQGTPVTVSS,DIQMTQSPSSLSASVGDRVTITCSASSSVSYMNWYQQTPGKAPKRWIYDTSKLASGVPSRFSGSGSGTDYTFTISSLQPEDIATYYCQQWSSNPFTFGQGTKLQIT,-45,45
teprotumumab,QVELVESGGGVVQPGRSQRLSCAASGFTFSSYGMHWVRQAPGKGLEWVAIIWFDGSSTYYADSVRGRFTISRDNSKNTLYLQMNSLRAEDTAVYFCARELGRRYFDLWGRGTLVSVSS,EIVLTQSPATLSLSPGERATLSCRASQSVSSYLAWYQQKPGQAPRLLIYDASKRATGIPARFSGSGSGTDFTLTISSLEPEDFAVYYCQQRSKWPPWTFGQGTKVESK,-46,46
tezepelumab,QMQLVESGGGVVQPGRSLRLSCAASGFTFRTYGMHWVRQAPGKGLEWVAVIWYDGSNKHYADSVKGRFTITRDNSKNTLNLQMNSLRAEDTAVYYCARAPQWELVHEAFDIWGQGTMVTVSS,SYVLTQPPSVSVAPGQTARITCGGNNLGSKSVHWYQQKPGQAPVLVVYDDSDRPSWIPERFSGSNSGNTATLTISRGEAGDEADYYCQVWDSSSDHVVFGGGTKLTVL,-51,51
tigatuzumab,EVQLVESGGGLVQPGGSLRLSCAASGFTFSSYVMSWVRQAPGKGLEWVATISSGGSYTYYPDSVKGRFTISRDNAKNTLYLQMNSLRAEDTAVYYCARRGDSMITTDYWGQGTLVTVSS,DIQMTQSPSSLSASVGDRVTITCKASQDVGTAVAWYQQKPGKAPKLLIYWASTRHTGVPSRFSGSGSGTDFTLTISSLQPEDFATYYCQQYSSYRTFGQGTKVEIK,-45,45
tildrakizumab,QVQLVQSGAEVKKPGASVKVSCKASGYIFITYWMTWVRQAPGQGLEWMGQIFPASGSADYNEKFEGRVTMTTDTSTSTAYMELRSLRSDDTAVYYCARGGGGFAYWGQGTLVTVSS,DIQMTQSPSSLSASVGDRVTITCRTSENIYSYLAWYQQKPGKAPKLLIYNAKTLAEGVPSRFSGSGSGTDFTLTISSLQPEDFATYYCQHHYGIPFTFGQGTKVEIK,-43,43
tislelizumab,QVQLQESGPGLVKPSETLSLTCTVSGFSLTSYGVHWIRQPPGKGLEWIGVIYADGSTNYNPSLKSRVTISKDTSKNQVSLKLSSVTAADTAVYYCARAYGNYWYIDVWGQGTTVTVSS,DIVMTQSPDSLAVSLGERATINCKSSESVSNDVAWYQQKPGQPPKLLINYAFHRFTGVPDRFSGSGYGTDFTLTISSLQAEDVAVYYCHQAYSSPYTFGQGTKLEIK,-45,45
tisotumab,EVQLLESGGGLVQPGGSLRLSCAASGFTFSNYAMSWVRQAPGKGLEWVSSISGSGDYTYYTDSVKGRFTISRDNSKNTLYLQMNSLRAEDTAVYYCARSPWGYYLDSWGQGTLVTVSS,DIQMTQSPPSLSASAGDRVTITCRASQGISSRLAWYQQKPEKAPKSLIYAASSLQSGVPSRFSGSGSGTDFTLTISSLQPEDFATYYCQQYNSYPYTFGQGTKLEIK,-45,45
tocilizumab,QVQLQESGPGLVRPSQTLSLTCTVSGYSITSDHAWSWVRQPPGRGLEWIGYISYSGITTYNPSLKSRVTMLRDTSKNQFSLRLSSVTAADTAVYYCARSLARTTAMDYWGQGSLVTVSS,DIQMTQSPSSLSASVGDRVTITCRASQDISSYLNWYQQKPGKAPKLLIYYTSRLHSGVPSRFSGSGSGTDFTFTISSLQPEDIATYYCQQGNTLPYTFGQGTKVEIK,-46,46
toripalimab,QGQLVQSGAEVKKPGASVKVSCKASGYTFTDYEMHWVRQAPIHGLEWIGVIESETGGTAYNQKFKGRVTITADKSTSTAYMELSSLRSEDTAVYYCAREGITTVATTYYWYFDVWGQGTTVTVSS,DVVMTQSPLSLPVTLGQPASISCRSSQSIVHSNGNTYLEWYLQKPGQSPQLLIYKVSNRFSGVPDRFSGSGSGTDFTLKISRVEAEDVGVYYCFQGSHVPLTFGQGTKLEIK,-57,57
tovetumab,QVQLVESGGGLVKPGGSLRLSCAASGFTFSDYYMNWIRQAPGKGLEWVSYISSSGSIIYYADSVKGRFTISRDNAKNSLYLQMNSLRAEDTAVYYCAREGRIAARGMDVWGQGTTVTVSS,DIQMTQSPSSLSASVGDRVSITCRPSQSFSRYINWYQQKPGKAPKLLIHAASSLVGGVPSRFSGSGSGTDFTLTISSLQPEDFATYYCQQTYSNPPITFGQGTRLEMK,-48,48
tralokinumab,QVQLVQSGAEVKKPGASVKVSCKASGYTFTNYGLSWVRQAPGQGLEWMGWISANNGDTNYGQEFQGRVTMTTDTSTSTAYMELRSLRSDDTAVYYCARDSSSSWARWFFDLWGRGTLVTVSS,SYVLTQPPSVSVAPGKTARITCGGNIIGSKLVHWYQQKPGQAPVLVIYDDGDRPSGIPERFSGSNSGNTATLTISRVEAGDEADYYCQVWDTGSDPVVFGGGTKLTVL,-51,51
trastuzumab,EVQLVESGGGLVQPGGSLRLSCAASGFNIKDTYIHWVRQAPGKGLEWVARIYPTNGYTRYADSVKGRFTISADTSKNTAYLQMNSLRAEDTAVYYCSRWGGDGFYAMDYWGQGTLVTVSS,DIQMTQSPSSLSASVGDRVTITCRASQDVNTAVAWYQQKPGKAPKLLIYSASFLYSGVPSRFSGSRSGTDFTLTISSLQPEDFATYYCQQHYTTPPTFGQGTKVEIK,-47,47
tregalizumab,EEQLVESGGGLVKPGGSLRLSCAASGFSFSDCRMYWLRQAPGKGLEWIGVISVKSENYGANYAESVRGRFTISRDDSKNTVYLQMNSLKTEDTAVYYCSASYYRYDVGAWFAYWGQGTLVTVSS,DIVMTQSPDSLAVSLGERATINCRASKSVSTSGYSYIYWYQQKPGQPPKLLIYLASILESGVPDRFSGSGSGTDFTLTISSLQAEDVAVYYCQHSRELPWTFGQGTKVEIK,-55,55
tremelimumab,QVQLVESGGGVVQPGRSLRLSCAASGFTFSSYGMHWVRQAPGKGLEWVAVIWYDGSNKYYADSVKGRFTISRDNSKNTLYLQMNSLRAEDTAVYYCARDPRGATLYYYYYGMDVWGQGTTVTVSS,DIQMTQSPSSLSASVGDRVTITCRASQSINSYLDWYQQKPGKAPKLLIYAASSLQSGVPSRFSGSGSGTDFTLTISSLQPEDFATYYCQQYYSTPFTFGPGTKVEIK,-52,52
ublituximab,QAYLQQSGAELVRPGASVKMSCKASGYTFTSYNMHWVKQTPRQGLEWIGGIYPGNGDTSYNQKFKGKATLTVGKSSSTAYMQLSSLTSEDSAVYFCARYDYNYAMDYWGQGTSVTVSS,QIVLSQSPAILSASPGEKVTMTCRASSSVSYMHWYQQKPGSSPKPWIYATSNLASGVPARFSGSGSGTSYSFTISRVEAEDAATYYCQQWTFNPPTFGGGTRLEIK,-44,44
urelumab,QVQLQQWGAGLLKPSETLSLTCAVYGGSFSGYYWSWIRQSPEKGLEWIGEINHGGYVTYNPSLESRVTISVDTSKNQFSLKLSSVTAADTAVYYCARDYGPGNYDWYFDLWGRGTLVTVSS,EIVLTQSPATLSLSPGERATLSCRASQSVSSYLAWYQQKPGQAPRLLIYDASNRATGIPARFSGSGSGTDFTLTISSLEPEDFAVYYCQQRSNWPPALTFGGGTKVEIK,-50,50
ustekinumab,EVQLVQSGAEVKKPGESLKISCKGSGYSFTTYWLGWVRQMPGKGLDWIGIMSPVDSDIRYSPSFQGQVTMSVDKSITTAYLQWNSLKASDTAMYYCARRRPGQGYFDFWGQGTLVTVSS,DIQMTQSPSSLSASVGDRVTITCRASQGISSWLAWYQQKPEKAPKSLIYAASSLQSGVPSRFSGSGSGTDFTLTISSLQPEDFATYYCQQYNIYPYTFGQGTKLEIK,-46,46
utomilumab,EVQLVQSGAEVKKPGESLRISCKGSGYSFSTYWISWVRQMPGKGLEWMGKIYPGDSYTNYSPSFQGQVTISADKSISTAYLQWSSLKASDTAMYYCARGYGIFDYWGQGTLVTVSS,SYELTQPPSVSVSPGQTASITCSGDNIGDQYAHWYQQKPGQSPVLVIYQDKNRPSGIPERFSGSNSGNTATLTISGTQAMDEADYYCATYTGFGSLAVFGGGTKLTVL,-45,45
vadastuximab,QVQLVQSGAEVKKPGASVKVSCKASGYTFTNYDINWVRQAPGQGLEWIGWIYPGDGSTKYNEKFKAKATLTADTSTSTAYMELRSLRSDDTAVYYCASGYEDAMDYWGQGTTVTVSS,DIQMTQSPSSLSASVGDRVTINCKASQDINSYLSWFQQKPGKAPKTLIYRANRLVDGVPSRFSGSGSGQDYTLTISSLQPEDFATYYCLQYDEFPLTFGGGTKVEIK,-44,44
varlilumab,QVQLVESGGGVVQPGRSLRLSCAASGFTFSSYDMHWVRQAPGKGLEWVAVIWYDGSNKYYADSVKGRFTISRDNSKNTLYLQMNSLRAEDTAVYYCARGSGNWGFFDYWGQGTLVTVSS,DIQMTQSPSSLSASVGDRVTITCRASQGISRWLAWYQQKPEKAPKSLIYAASSLQSGVPSRFSGSGSGTDFTLTISSLQPEDFATYYCQQYNTYPRTFGQGTKVEIK,-46,46
vatelizumab,QVQLQESGPGLVKPSETLSLTCTVSGFSLTNYGIHWIRQPPGKGLEWLGVIWARGFTNYNSALMSRLTISKDNSKNQVSLKLSSVTAADTAVYYCARANDGVYYAMDYWGQGTLVTVSS,DFVMTQSPAFLSVTPGEKVTITCSAQSSVNYIHWYQQKPDQAPKKLIYDTSKLASGVPSRFSGSGSGTDYTFTISSLEAEDAATYYCQQWTTNPLTFGQGTKVEIK,-45,45
vedolizumab,QVQLVQSGAEVKKPGASVKVSCKGSGYTFTSYWMHWVRQAPGQRLEWIGEIDPSESNTNYNQKFKGRVTLTVDISASTAYMELSSLRSEDTAVYYCARGGYDGWDYAIDYWGQGTLVTVSS,DVVMTQSPLSLPVTPGEPASISCRSSQSLAKSYGNTYLSWYLQKPGQSPQLLIYGISNRFSGVPDRFSGSGSGTDFTLKISRVEAEDVGVYYCLQGTHQPYTFGQGTKVEIK,-53,53
veltuzumab,QVQLQQSGAEVKKPGSSVKVSCKASGYTFTSYNMHWVKQAPGQGLEWIGAIYPGMGDTSYNQKFKGKATLTADESTNTAYMELSSLRSEDTAFYYCARSTYYGGDWYFDVWGQGTTVTVSS,DIQLTQSPSSLSASVGDRVTMTCRASSSVSYIHWFQQKPGKAPKPWIYATSNLASGVPVRFSGSGSGTDYTFTISSLQPEDIATYYCQQWTSNPPTFGGGTKLEIK,-47,47
visilizumab,QVQLVQSGAEVKKPGASVKVSCKASGYTFISYTMHWVRQAPGQGLEWMGYINPRSGYTHYNQKLKDKATLTADKSASTAYMELSSLRSEDTAVYYCARSAYYDYDGFAYWGQGTLVTVSS,DIQMTQSPSSLSASVGDRVTITCSASSSVSYMNWYQQKPGKAPKRLIYDTSKLASGVPSRFSGSGSGTDFTLTISSLQPEDFATYYCQQWSSNPPTFGGGTKVEIK,-46,46
xentuzumab,QVELVESGGGLVQPGGSLRLSCAASGFTFTSYWMSWVRQAPGKGLELVSSITSYGSFTYYADSVKGRFTISRDNSKNTLYLQMNSLRAEDTAVYYCARNMYTHFDSWGQGTLVTVSS,DIVLTQPPSVSGAPGQRVTISCSGSSSNIGSNSVSWYQQLPGTAPKLLIYDNSKRPSGVPDRFSGSKSGTSASLAITGLQSEDEADYYCQSRDTYGYYWVFGGGTKLTVL,-48,48
zalutumumab,QVQLVESGGGVVQPGRSLRLSCAASGFTFSTYGMHWVRQAPGKGLEWVAVIWDDGSYKYYGDSVKGRFTISRDNSKNTLYLQMNSLRAEDTAVYYCARDGITMVRGVMKDYFDYWGQGTLVTVSS,AIQLTQSPSSLSASVGDRVTITCRASQDISSALVWYQQKPGKAPKLLIYDASSLESGVPSRFSGSESGTDFTLTISSLQPEDFATYYCQQFNSYPLTFGGGTKVEIK,-52,52
zanolimumab,QVQLQQWGAGLLKPSETLSLTCAVYGGSFSGYYWSWIRQPPGKGLEWIGEINHSGSTNYNPSLKSRVTISVDTSKNQFSLKLSSVTAADTAVYYCARVINWFDPWGQGTLVTVSS,DIQMTQSPSSVSASVGDRVTITCRASQDISSWLAWYQHKPGKAPKLLIYAASSLQSGVPSRFSGSGSGTDFTLTISSLQPEDFATYYCQQANSFPYTFGQGTKLEIK,-42,42
zolbetuximab,QVQLQQPGAELVRPGASVKLSCKASGYTFTSYWINWVKQRPGQGLEWIGNIYPSDSYTNYNQKFKDKATLTVDKSSSTAYMQLSSPTSEDSAVYYCTRSWRGNSFDYWGQGTTLTVSS,DIVMTQSPSSLTVTAGEKVTMSCKSSQSLLNSGNQKNYLTWYQQKPGQPPKLLIYWASTRESGVPDRFTGSGSGTDFTLTISSVQAEDLAVYYCQNDYSYPFTFGSGTKLEIK,-51,51
